id,meaningsVi,reviewedBy,reviewedAt
hsk3-l1-0018,yêu thương,,
hsk3-l1-0021,sở thích|thích thú,,
hsk3-l1-0068,tám,,
hsk3-l1-0083,bố,,
hsk3-l1-0089,nhé|thôi vậy,,
hsk3-l1-0091,trắng,,
hsk3-l1-0098,buổi sáng,,
hsk3-l1-0099,một trăm,,
hsk3-l1-0119,lớp học|nhóm người,,
hsk3-l1-0141,nửa,,
hsk3-l1-0147,một năm rưỡi,,
hsk3-l1-0149,một buổi,,
hsk3-l1-0161,giúp đỡ,,
hsk3-l1-0162,yêu cầu sự giúp đỡ,,
hsk3-l1-0172,bao bì|gói lại,,
hsk3-l1-0181,bánh bao,,
hsk3-l1-0255,cốc,,
hsk3-l1-0256,chiếc cốc,,
hsk3-l1-0268,bắc,,
hsk3-l1-0269,phía bắc,,
hsk3-l1-0273,Bắc Kinh,,
hsk3-l1-0298,cuốn sách này|bản gốc,,
hsk3-l1-0317,sổ tay,,
hsk3-l1-0332,so với|nhấn mạnh hơn là,,
hsk3-l1-0455,đừng|chớ,,
hsk3-l1-0457,khác,,
hsk3-l1-0460,người khác,,
hsk3-l1-0487,bệnh,,
hsk3-l1-0492,bệnh nhân,,
hsk3-l1-0524,không nhiều lắm,,
hsk3-l1-0528,sai rồi|không đúng,,
hsk3-l1-0534,chào mừng bạn đến với nhà tôi,,
hsk3-l1-0554,không cần thiết,,
hsk3-l1-0573,không|phủ định,,
hsk3-l1-0695,rau ăn được,,
hsk3-l1-0777,trà,,
hsk3-l1-0791,kém|tệ,,
hsk3-l1-0836,thường,,
hsk3-l1-0837,thường xuyên,,
hsk3-l1-0866,ca hát,,
hsk3-l1-0867,đi hát ca,,
hsk3-l1-0897,xe cộ|ô tô,,
hsk3-l1-0905,vé xe,,
hsk3-l1-0906,trên xe,,
hsk3-l1-0912,nhà ga|bến xe,,
hsk3-l1-1014,ăn uống,,
hsk3-l1-1016,ăn cơm,,
hsk3-l1-1108,ra|xuất hiện,,
hsk3-l1-1129,lại ra ngoài,,
hsk3-l1-1137,đi ra,,
hsk3-l1-1211,穿|mặc; đi qua,,
hsk3-l1-1252,床|giường,,
hsk3-l1-1313,次|lần; lần thứ,,
hsk3-l1-1329,从|từ; theo hướng của,,
hsk3-l1-1386,错|sai; nhầm lẫn,,
hsk3-l1-1407,打|đánh; đập; gõ; gọi điện thoại,,
hsk3-l1-1413,打车|gọi xe taxi,,
hsk3-l1-1415,打电话|gọi điện thoại,,
hsk3-l1-1426,打开|mở ra,,
hsk3-l1-1434,打球|chơi bóng,,
hsk3-l1-1447,大|lớn; to; vĩ đại,,
hsk3-l1-1517,大学|trường đại học,,
hsk3-l1-1518,大学生|sinh viên đại học,,
hsk3-l1-1654,到|đến; tới,,
hsk3-l1-1683,得到|nhận được; đạt được,,
hsk3-l1-1698,地|phụ từ chỉ trạng thái (de); mặt đất (dì),,
hsk3-l1-1699,的|của; của ai đó (de); phụ từ sở hữu,,
hsk3-l1-1714,等|chờ đợi; v.v.; và các loại khác,,
hsk3-l1-1755,地|mặt đất; vùng miền (dì),,
hsk3-l1-1761,地点|địa điểm; vị trí,,
hsk3-l1-1764,地方|nơi chốn; địa phương,,
hsk3-l1-1770,地上|trên mặt đất,,
hsk3-l1-1774,地图|bản đồ,,
hsk3-l1-1785,弟弟∣弟|em trai (nhỏ hơn); em họ,,
hsk3-l1-1792,第（第二）|thứ (số thứ tự),,
hsk3-l1-1801,点|điểm; chấm; điểm số,,
hsk3-l1-1811,电|điện năng; điện lực,,
hsk3-l1-1819,电话|điện thoại,,
hsk3-l1-1822,电脑|máy tính,,
hsk3-l1-1824,电视|tivi; truyền hình,,
hsk3-l1-1825,电视机|ti vi bộ,,
hsk3-l1-1834,电影|phim ảnh; phim chiếu rạp,,
hsk3-l1-1835,电影院|nhà hát chiếu bóng,,
hsk3-l1-1900,东|bên đông; phía Đông,,
hsk3-l1-1903,东边|phía bên kia (đông),,
hsk3-l1-1908,东西|vật dụng; đồ đạc,,
hsk3-l1-1918,动|chuyển động; hoạt động,,
hsk3-l1-1941,动作|hành động; cử chỉ,,
hsk3-l1-1947,都|tất cả; đều,,
hsk3-l1-1975,读|đọc sách,,
hsk3-l1-1976,读书|học tập; đọc sách,,
hsk3-l1-2018,对|đối với; đúng; phù hợp,,
hsk3-l1-2022,对不起|xin lỗi,,
hsk3-l1-2052,多|nhiều; nhiều hơn,,
hsk3-l1-2066,多少|bao nhiêu; chừng bao nhiêu,,
hsk3-l1-2096,饿|cảm thấy đói,,
hsk3-l1-2107,儿子|con trai (của ai),,
hsk3-l1-2118,二|hai,,
hsk3-l1-2230,饭|bữa ăn; cơm,,
hsk3-l1-2231,饭店|nhà hàng,,
hsk3-l1-2268,房间|卧室；空间,,
hsk3-l1-2270,房子|房屋,,
hsk3-l1-2278,放|放置；释放,,
hsk3-l1-2282,放假|休假,,
hsk3-l1-2289,放学|下课,,
hsk3-l1-2293,飞|飞行,,
hsk3-l1-2295,飞机|飞机,,
hsk3-l1-2304,非常|很；极其,,
hsk3-l1-2328,分|分开；分数,,
hsk3-l1-2387,风|风,,
hsk3-l1-2559,干|干燥；干活,,
hsk3-l1-2564,干净|清洁,,
hsk3-l1-2605,干|从事（工作）,,
hsk3-l1-2609,干什么|做什么,,
hsk3-l1-2626,高|高度大,,
hsk3-l1-2660,高兴|愉快,,
hsk3-l1-2678,告诉|告知,,
hsk3-l1-2682,哥哥∣哥|兄长,,
hsk3-l1-2689,歌|歌曲,,
hsk3-l1-2713,个|量词,,
hsk3-l1-2730,给|给予；交给,,
hsk3-l1-2738,跟|跟随；和（连用）,,
hsk3-l1-2761,工人|劳动者,,
hsk3-l1-2769,工作|职业；任务,,
hsk3-l1-2955,关|关闭,,
hsk3-l1-2965,关上|关掉,,
hsk3-l1-3063,贵|昂贵,,
hsk3-l1-3074,国|国家,,
hsk3-l1-3084,国家|国度,,
hsk3-l1-3091,国外|境外,,
hsk3-l1-3104,过|经过；过去,,
hsk3-l1-3138,还|仍然；归还,,
hsk3-l1-3139,还是|依然；或者（选择）,,
hsk3-l1-3140,还有|仍有,,
hsk3-l1-3141,孩子|儿童,,
hsk3-l1-3189,汉语|中文,,
hsk3-l1-3190,汉字|中文字符,,
hsk3-l1-3215,好|良好,,
hsk3-l1-3219,好吃|美味,,
hsk3-l1-3228,好看|美观,,
hsk3-l1-3234,好听|悦耳,,
hsk3-l1-3235,好玩儿|有趣,,
hsk3-l1-3245,号|号码；号角,,
hsk3-l1-3259,喝|饮用,,
hsk3-l1-3284,和|与（连词）,,
hsk3-l1-3326,很|非常,,
hsk3-l1-3366,后|后面,,
hsk3-l1-3369,后边|后方,,
hsk3-l1-3382,后天|次日之后的一天,,
hsk3-l1-3429,花|花朵,,
hsk3-l1-3475,话|言语,,
hsk3-l1-3489,坏|损坏; 恶劣,,
hsk3-l1-3499,还|归还; 仍然,,
hsk3-l1-3558,回|返回; 答复,,
hsk3-l1-3562,回答|回应问题,,
hsk3-l1-3563,回到|返回某地,,
hsk3-l1-3568,回家|返回家中,,
hsk3-l1-3571,回来|从别处返回,,
hsk3-l1-3573,回去|前往原出发地或离开当前地点,,
hsk3-l1-3595,会|能够; 会议; 见面,,
hsk3-l1-3637,火车|铁路机车牵引的车辆组,,
hsk3-l1-3678,机场|飞机起降的场地,,
hsk3-l1-3686,机票|乘坐飞机的凭证,,
hsk3-l1-3696,鸡蛋|鸡所产的卵,,
hsk3-l1-3773,几|询问数量（三以上）,,
hsk3-l1-3785,记|记录; 记住,,
hsk3-l1-3786,记得|保持记忆,,
hsk3-l1-3793,记住|使事物留在记忆中,,
hsk3-l1-3849,家|家庭; 住所,,
hsk3-l1-3857,家里|家中内部,,
hsk3-l1-3859,家人|家庭成员,,
hsk3-l1-3914,间|房间; 中间; 间隔,,
hsk3-l1-3968,见|看见; 会见; 知道,,
hsk3-l1-3972,见面|会面; 相见,,
hsk3-l1-4083,教|教导; 教书; 使令,,
hsk3-l1-4107,叫|称呼; 喊; 请求,,
hsk3-l1-4126,教学楼|教学大楼,,
hsk3-l1-4205,姐姐∣姐|年长的姐妹; (口语) 女性尊称,,
hsk3-l1-4225,介绍|引见; 说明情况,,
hsk3-l1-4247,今年|本年,,
hsk3-l1-4249,今天|今日,,
hsk3-l1-4287,进|进入; 收入,,
hsk3-l1-4298,进来|从外到内移动,,
hsk3-l1-4299,进去|向内部行进,,
hsk3-l1-4423,九|数字 9,,
hsk3-l1-4443,就|便; 于是; 已经,,
hsk3-l1-4544,觉得|认为; 感觉,,
hsk3-l1-4575,开|打开; 启动; 举办,,
hsk3-l1-4580,开车|驾驶车辆,,
hsk3-l1-4591,开会|举行会议,,
hsk3-l1-4609,开玩笑|逗乐; 取笑,,
hsk3-l1-4629,看|观看; 瞧; 检查; 探望,,
hsk3-l1-4630,看病|就医; 求医问诊,,
hsk3-l1-4635,看到|看见; 目睹,,
hsk3-l1-4641,看见|察觉; 见到,,
hsk3-l1-4661,考|考试; 考核; 考查,,
hsk3-l1-4668,考试|测验; 科举考试,,
hsk3-l1-4717,渴|口干想喝水; 渴望,,
hsk3-l1-4738,课|课程; 功课; 税款,,
hsk3-l1-4739,课本|教科书; 教材,,
hsk3-l1-4743,课文|bài văn; bài học,,
hsk3-l1-4774,口|miệng; cái miệng,,
hsk3-l1-4828,块|tảng; cục; đồng tiền cũ,,
hsk3-l1-4829,快|nhanh chóng; nhanh nhẹn,,
hsk3-l1-4899,来|đến; tới đây,,
hsk3-l1-4902,来到|đến nơi; đi đến,,
hsk3-l1-4951,老|già; già nua; lâu năm,,
hsk3-l1-4965,老人|người cao tuổi; cụ già,,
hsk3-l1-4967,老师|thầy giáo; cô giáo,,
hsk3-l1-4984,了|hết rồi; đã xong (chỉ hoàn thành),,
hsk3-l1-4995,"累|tải, mệt mỏi",,
hsk3-l1-4997,冷|lạnh,,
hsk3-l1-5029,"里|trong, bên trong",,
hsk3-l1-5030,里边|bên trong,,
hsk3-l1-5139,两|hai (số đếm)|cả hai,,
hsk3-l1-5204,"零∣〇|không, số không",,
hsk3-l1-5268,六|six,,
hsk3-l1-5279,"楼|tầng lầu, tòa nhà",,
hsk3-l1-5282,楼上|trên tầng lầu,,
hsk3-l1-5284,楼下|dưới tầng lầu,,
hsk3-l1-5305,"路|đường phố, con đường",,
hsk3-l1-5311,"路口|giao lộ, ngã tư",,
hsk3-l1-5315,路上|trên đường,,
hsk3-l1-5377,妈妈∣妈|mẹ (người mẹ)|bà,,
hsk3-l1-5391,"马路|con đường công cộng, đại lộ",,
hsk3-l1-5392,"马上|ngay lập tức, trên lưng ngựa",,
hsk3-l1-5399,吗|hỏi câu nghi vấn,,
hsk3-l1-5405,买|mua,,
hsk3-l1-5427,"慢|chậm, chậm rãi",,
hsk3-l1-5432,"忙|buôn bịu, bận rộn",,
hsk3-l1-5440,毛,,
hsk3-l1-5458,没有|没,,
hsk3-l1-5461,没关系,,
hsk3-l1-5463,没什么,,
hsk3-l1-5464,没事,,
hsk3-l1-5470,有，无,,
hsk3-l1-5505,妹妹；姐姐；我,,
hsk3-l1-5508,门,,
hsk3-l1-5511,门口,,
hsk3-l1-5514,门票,,
hsk3-l1-5517,我们（复数后缀）,,
hsk3-l1-5547,米饭,,
hsk3-l1-5575,面包,,
hsk3-l1-5588,面条,,
hsk3-l1-5637,名字,,
hsk3-l1-5638,明白,,
hsk3-l1-5643,明年,,
hsk3-l1-5646,明天,,
hsk3-l1-5729,拿|取,,
hsk3-l1-5734,哪,,
hsk3-l1-5735,哪里|ở đâu,,
hsk3-l1-5737,哪儿|ở đâu,,
hsk3-l1-5738,哪些|những cái nào,,
hsk3-l1-5740,"那|ấy, kia",,
hsk3-l1-5742,那边|phía đó,,
hsk3-l1-5744,"那里|đó, ở chỗ ấy",,
hsk3-l1-5746,那儿|chỗ ấy,,
hsk3-l1-5748,那些|những thứ ấy,,
hsk3-l1-5758,奶|sữa mẹ,,
hsk3-l1-5761,奶奶|bà nội,,
hsk3-l1-5767,男|nam giới,,
hsk3-l1-5768,男孩儿|bé trai,,
hsk3-l1-5770,男朋友|người yêu nam,,
hsk3-l1-5771,男人|đàn ông,,
hsk3-l1-5772,"男生|trai sinh viên, học trò con trai",,
hsk3-l1-5776,南|phía nam,,
hsk3-l1-5778,南边|phía nam,,
hsk3-l1-5783,难|khó khăn,,
hsk3-l1-5815,"呢|hỏi (giọng), ư",,
hsk3-l1-5833,能|có thể,,
hsk3-l1-5850,"你|bạn, anh/chị (khi nói với người lớn hoặc cấp trên)",,
hsk3-l1-5851,"你们|các bạn, mọi người trong nhóm",,
hsk3-l1-5854,年|năm; tuổi; niên đại,,
hsk3-l1-5881,您|anh/chị/bà/cô/ông kính yêu (cách xưng hô tôn trọng),,
hsk3-l1-5891,牛奶|sữa tươi/sữa bò,,
hsk3-l1-5916,女|nữ giới/phụ nữ/nhân vật nữ,,
hsk3-l1-5917,女儿|con gái,,
hsk3-l1-5918,女孩儿|cô bé/em gái nhỏ,,
hsk3-l1-5919,女朋友|người bạn gái/người tình của nam giới,,
hsk3-l1-5920,女人|phụ nữ/woman (thường chỉ người trưởng thành),,
hsk3-l1-5921,女生|nữ sinh/cô học trò,,
hsk3-l1-5985,旁边|bên cạnh/phía bên,,
hsk3-l1-5993,跑|chạy/đi bộ nhanh/lao đi,,
hsk3-l1-6028,朋友|bạn bè/người bạn,,
hsk3-l1-6089,票|vé; giấy tờ chứng từ/tờ phiếu,,
hsk3-l1-6197,七|số bảy (7),,
hsk3-l1-6250,起|dậy/khởi động/nâng lên/cùng với,,
hsk3-l1-6255,起床|đi dậy khỏi giường/sáng sớm thức giấc,,
hsk3-l1-6261,起来|lên/trở nên/hoạt động tiếp tục,,
hsk3-l1-6285,汽车|xe hơi/xe cơ giới,,
hsk3-l1-6333,前|从前; 前面,,
hsk3-l1-6335,前边|前方; 面前,,
hsk3-l1-6350,前天|昨天之前的一天,,
hsk3-l1-6361,钱|货币,,
hsk3-l1-6362,钱包|装钱的皮套,,
hsk3-l1-6519,请|邀请; 请求; 敬辞,,
hsk3-l1-6520,请假|向单位或学校申请暂时离开岗位,,
hsk3-l1-6523,请进|请进来（表示欢迎）,,
hsk3-l1-6527,请问|用于礼貌地提出问题,,
hsk3-l1-6528,请坐|请坐下（表示客气）,,
hsk3-l1-6547,球|球形物体; 球类运动,,
hsk3-l1-6582,去|前往; 到某处,,
hsk3-l1-6586,去年|过去的一年,,
hsk3-l1-6670,热|温度高; 热烈,,
hsk3-l1-6688,人|人类; 人员,,
hsk3-l1-6739,认识|知道某人或事物; 相识,,
hsk3-l1-6742,认真|严肃对待; 不马虎,,
hsk3-l1-6759,日|太阳; 一天,,
hsk3-l1-6767,日期|年月日的具体组合,,
hsk3-l1-6795,肉|动物的肌肉组织（食物）,,
hsk3-l1-6841,số ba,,
hsk3-l1-6888,đồi núi|núi,,
hsk3-l1-6928,trung tâm thương mại|tòa nhà thương trường,,
hsk3-l1-6930,cửa hàng bán lẻ|tiệm buôn,,
hsk3-l1-6940,lên trên|ở phía trên|thượng,,
hsk3-l1-6941,đi làm việc|vào giờ hành chính,,
hsk3-l1-6943,phía trên|bề mặt bên trên,,
hsk3-l1-6945,nhổ lên xe|chuyển sang phương tiện giao thông khác,,
hsk3-l1-6946,lần trước đây|khi nào đó trong quá khứ,,
hsk3-l1-6954,tiết học|buổi giảng bài,,
hsk3-l1-6972,truy cập internet|dùng mạng lưới toàn cầu,,
hsk3-l1-6973,chiều buổi sáng|bên trên mười hai giờ trưa,,
hsk3-l1-6976,đi đến trường|học tập tại cơ sở giáo dục,,
hsk3-l1-6997,ít (số lượng)|nhỏ về mức độ,,
hsk3-l1-7039,ai đó|người nào,,
hsk3-l1-7057,trên người|phần thân thể bên ngoài,,
hsk3-l1-7058,cơ thể con người|thân xác sinh vật sống,,
hsk3-l1-7080,"gì gì|vật sự, vấn đề như thế nào",,
hsk3-l1-7114,bị ốm đau|có bệnh tật,,
hsk3-l1-7128,tức giận|nổi nóng trong lòng,,
hsk3-l1-7130,生日|ngày sinh,,
hsk3-l1-7202,十|mười,,
hsk3-l1-7217,时候|thời điểm; lúc nào,,
hsk3-l1-7219,时间|thời gian,,
hsk3-l1-7296,事|việc; chuyện,,
hsk3-l1-7313,试|kiểm tra; thi cử,,
hsk3-l1-7332,是|là; đúng vậy,,
hsk3-l1-7333,是不是|có phải không?; liệu có... không?,,
hsk3-l1-7372,手|tay,,
hsk3-l1-7380,手机|điện thoại di động,,
hsk3-l1-7435,书|sách,,
hsk3-l1-7436,书包|túi sách,,
hsk3-l1-7438,书店|cửa hàng sách,,
hsk3-l1-7487,树|cây (thực vật gỗ),,
hsk3-l1-7537,水|nước; nước uống,,
hsk3-l1-7543,水果|trái cây tươi,,
hsk3-l1-7565,睡|ngủ (hành động),,
hsk3-l1-7567,睡觉|đi ngủ; nằm ngủ,,
hsk3-l1-7586,说|nói,,
hsk3-l1-7595,说话|giao tiếp bằng lời nói,,
hsk3-l1-7636,四,,
hsk3-l1-7655,送,,
hsk3-l1-7716,岁,,
hsk3-l1-7749,他,,
hsk3-l1-7750,他们,,
hsk3-l1-7754,她,,
hsk3-l1-7755,她们,,
hsk3-l1-7771,太,,
hsk3-l1-7928,天,,
hsk3-l1-7938,天气,,
hsk3-l1-8003,听,,
hsk3-l1-8005,听到,,
hsk3-l1-8007,听见,,
hsk3-l1-8012,听写,,
hsk3-l1-8069,同学,,
hsk3-l1-8144,图书馆,,
hsk3-l1-8239,外,,
hsk3-l1-8241,外边,,
hsk3-l1-8248,外国,,
hsk3-l1-8270,外语,,
hsk3-l1-8288,"v. chơi, đồ đạc",,
hsk3-l1-8297,trễ; tối; buổi tối,,
hsk3-l1-8302,bữa ăn tối,,
hsk3-l1-8307,buổi tối; ban đêm,,
hsk3-l1-8330,lên mạng internet,,
hsk3-l1-8332,người bạn trên mạng,,
hsk3-l1-8345,quên (động từ),,
hsk3-l1-8348,quên mất; bỏ quên,,
hsk3-l1-8483,hỏi; vấn đề,,
hsk3-l1-8490,"tôi, ta",,
hsk3-l1-8491,我们|chúng tôi; chúng ta,,
hsk3-l1-8557,五|năm,,
hsk3-l1-8562,午饭|cơm trưa,,
hsk3-l1-8592,西|tây (phía tây),,
hsk3-l1-8595,西边|phía tây,,
hsk3-l1-8631,洗|rửa,,
hsk3-l1-8634,洗手间|nhà vệ sinh; phòng tắm rửa,,
hsk3-l1-8641,喜欢|thích; yêu thích,,
hsk3-l1-8671,下|xuống; dưới; lần tới,,
hsk3-l1-8673,下班|kết thúc ca làm việc; về nhà từ nơi làm việc,,
hsk3-l1-8674,下边|dưới,,
hsk3-l1-8676,下车|xuống xe,,
hsk3-l1-8677,下次|lần sau,,
hsk3-l1-8686,下课|tan học,,
hsk3-l1-8700,下午|chiều,,
hsk3-l1-8707,下雨|mưa rơi,,
hsk3-l1-8719,先|trước hết,,
hsk3-l1-8725,先生|ông/cô giáo sư/kỹ sư,,
hsk3-l1-8766,现在|bây giờ,,
hsk3-l1-8840,想|muốn/nghĩ,,
hsk3-l1-8888,小|nhỏ/giá rẻ,,
hsk3-l1-8894,小孩儿|bé/trẻ nhỏ,,
hsk3-l1-8896,小姐|cô gái/đại tiểu thư,,
hsk3-l1-8901,小朋友|em bé/bạn trẻ,,
hsk3-l1-8908,小时|giờ (thời gian),,
hsk3-l1-8917,小学|trường tiểu học,,
hsk3-l1-8918,小学生|học sinh tiểu học,,
hsk3-l1-8928,笑|cười,,
hsk3-l1-8958,写|viết,,
hsk3-l1-8971,谢谢|cảm ơn,,
hsk3-l1-9010,mới|tươi,,
hsk3-l1-9016,năm mới,,
hsk3-l1-9050,ngày trong tuần,,
hsk3-l1-9051,chủ nhật (thứ bảy),,
hsk3-l1-9052,chủ nhật,,
hsk3-l1-9058,"đi, đi lại, thực hiện",,
hsk3-l1-9121,"nghỉ ngơi, nghỉ việc",,
hsk3-l1-9203,học,,
hsk3-l1-9211,"học sinh, học trò",,
hsk3-l1-9219,"học tập, nghiên cứu",,
hsk3-l1-9220,trường học|nhà trường,,
hsk3-l1-9224,viện đại học,,
hsk3-l1-9412,"quan trọng, cần thiết",,
hsk3-l1-9430,"ông nội, ông già (kính xưng)",,
hsk3-l1-9431,cũng vậy,,
hsk3-l1-9449,"trang giấy, trang web",,
hsk3-l1-9461,một|mà,,
hsk3-l1-9467,"quần áo, y phục",,
hsk3-l1-9471,"bác sĩ, thầy thuốc",,
hsk3-l1-9475,bệnh viện,,
hsk3-l1-9487,一半|một nửa,,
hsk3-l1-9507,一会儿|chút ít thời gian; lát nữa,,
hsk3-l1-9511,一块儿|cùng nhau; đồng loạt,,
hsk3-l1-9524,一下儿|một chút; một lần ngắn ngủi,,
hsk3-l1-9528,一样|giống hệt; như nhau,,
hsk3-l1-9581,一边|bên cạnh; vừa... thì...,,
hsk3-l1-9586,一点儿|một tí; ít nhất là,,
hsk3-l1-9608,一起|cùng nhau; cùng lúc,,
hsk3-l1-9622,一些|một số; vài cái,,
hsk3-l1-9795,用|sử dụng; dùng vào việc gì,,
hsk3-l1-9866,有|có; sở hữu,,
hsk3-l1-9868,有的|một số (trong trường hợp nào đó),,
hsk3-l1-9883,有名|nổi tiếng; có danh,,
hsk3-l1-9887,有时候∣有时|thỉnh thoảng; đôi khi,,
hsk3-l1-9896,有（一）些|có một chút; có vài cái,,
hsk3-l1-9902,有用|hữu ích; có tác dụng,,
hsk3-l1-9907,右|phải (bên tay phải),,
hsk3-l1-9908,右边|bên phải,,
hsk3-l1-9941,雨|mưa,,
hsk3-l1-9987,元|đơn vị tiền tệ Trung Quốc cũ hoặc hiện đại,,
hsk3-l1-10027,远|遥远,,
hsk3-l1-10052,月|月亮；月份,,
hsk3-l1-10111,再|再次,,
hsk3-l1-10114,再见|再见,,
hsk3-l1-10120,在|存在；位于,,
hsk3-l1-10123,在家|在家里,,
hsk3-l1-10156,早|早晨；提前,,
hsk3-l1-10159,早饭|早餐,,
hsk3-l1-10164,早上|上午,,
hsk3-l1-10184,怎么|怎样,,
hsk3-l1-10246,站|站立,,
hsk3-l1-10298,找|寻找,,
hsk3-l1-10300,找到|找到,,
hsk3-l1-10329,这|这个,,
hsk3-l1-10330,这边|这里,,
hsk3-l1-10331,这儿|这里,,
hsk3-l1-10334,这里|此处,,
hsk3-l1-10337,这些|这些,,
hsk3-l1-10340,着|持续状态；助词,,
hsk3-l1-10352,真|真实,,
hsk3-l1-10354,的确|确实,,
hsk3-l1-10417,正当，正好|正确,,
hsk3-l1-10432,正在进行|在...的时候,,
hsk3-l1-10476,了解，晓得|认识,,
hsk3-l1-10480,学识，学问|信息数据,,
hsk3-l1-10605,trung tâm|giữa,,
hsk3-l1-10610,Trung Quốc,,
hsk3-l1-10615,bên giữa|dấu phẩy,,
hsk3-l1-10623,tiếng Trung,,
hsk3-l1-10624,buổi trưa,,
hsk3-l1-10629,中学|trung học,,
hsk3-l1-10630,中学生|học sinh trung học,,
hsk3-l1-10668,重|nặng; quan trọng,,
hsk3-l1-10679,重要|quan trọng,,
hsk3-l1-10742,住|ở lại; cư trú,,
hsk3-l1-10857,准备|chuẩn bị,,
hsk3-l1-10865,桌子|bàn (cái),,
hsk3-l1-10944,字|chữ; từ,,
hsk3-l1-10951,"子（桌子）|hậu tố danh từ không có nghĩa riêng biệt, ví dụ: bàn (zhuōzi)",,
hsk3-l1-10982,走|đi bộ,,
hsk3-l1-10990,走路|dùng chân đi; đường,,
hsk3-l1-11035,"最|nhất, cực kỳ",,
hsk3-l1-11037,最好|tốt nhất; nên làm gì đó là...,,
hsk3-l1-11038,最后|cuối cùng; sau hết,,
hsk3-l1-11054,昨天|hôm qua,,
hsk3-l1-11056,左|trái (phía trái),,
hsk3-l1-11057,左边|bên trái,,
hsk3-l1-11077,坐|ngồi,,
hsk3-l1-11079,坐下|ngồi xuống,,
hsk3-l1-11085,"做|làm, thực hiện",,
hsk3-l2-0004,啊|à (thán từ biểu cảm),,
hsk3-l2-0025,爱情|tình yêu,,
hsk3-l2-0026,爱人|vợ chồng; người bạn đời,,
hsk3-l2-0034,"安静|yên tĩnh, im lặng",,
hsk3-l2-0038,"安全|an toàn, an ninh",,
hsk3-l2-0097,白色|màu trắng,,
hsk3-l2-0121,班长|lớp trưởng,,
hsk3-l2-0132,"办|xử lý, làm việc gì đó",,
hsk3-l2-0134,"办法|phương pháp, cách thức",,
hsk3-l2-0136,办公室|văn phòng,,
hsk3-l2-0152,半夜|trưa khuya,,
hsk3-l2-0164,帮助|giúp đỡ,,
hsk3-l2-0185,"饱|no, no đủ",,
hsk3-l2-0231,报名|đăng ký tên,,
hsk3-l2-0235,报纸|tờ báo,,
hsk3-l2-0271,北方|phương Bắc,,
hsk3-l2-0278,背|bàn lưng; nhớ thuộc lòng (danh từ); quay lại (động từ),,
hsk3-l2-0340,比如|ví dụ như,,
hsk3-l2-0341,比如说|chẳng hạn như là,,
hsk3-l2-0347,"笔|cây bút, cây viết",,
hsk3-l2-0348,"笔记|ghi chép, ghi chú",,
hsk3-l2-0349,"笔记本|sổ tay, sổ ghi chép",,
hsk3-l2-0358,"必须|phải, nhất định phải",,
hsk3-l2-0375,"边|bên cạnh; mép, rìa",,
hsk3-l2-0394,"变|thay đổi, biến hóa",,
hsk3-l2-0395,变成|biến thành,,
hsk3-l2-0416,遍|lần (đơn vị đếm); khắp nơi,,
hsk3-l2-0437,表|bảng biểu; đồng hồ; mặt ngoài,,
hsk3-l2-0446,"表示|diễn đạt, thể hiện",,
hsk3-l2-0523,"不错|không sai, đúng, khá tốt",,
hsk3-l2-0525,不但|không những mà còn,,
hsk3-l2-0529,不够|chưa đủ; không đầy đủ,,
hsk3-l2-0531,不过|tuy nhiên; chỉ là,,
hsk3-l2-0543,不太|khá ít; hơi kém,,
hsk3-l2-0549,不要|đừng làm gì đó; đừng cần,,
hsk3-l2-0589,不好意思|xấu hổ; ngại ngùng; xin lỗi,,
hsk3-l2-0597,不久|không lâu sau; trong thời gian ngắn,,
hsk3-l2-0605,不满|bất mãn; không hài lòng,,
hsk3-l2-0613,不如|chẳng bằng; tốt hơn là nên...,,
hsk3-l2-0615,不少|nhiều lắm; khá nhiều,,
hsk3-l2-0619,不同|khác biệt; khác nhau,,
hsk3-l2-0624,不行|không được; không thể làm gì đó,,
hsk3-l2-0626,不一定|không nhất định; chưa chắc đã,,
hsk3-l2-0627,不一会儿|một lát sau; trong chốc lát,,
hsk3-l2-0654,部分|phần nào; một phần,,
hsk3-l2-0665,才|mới (thể hiện sự muộn màng),,
hsk3-l2-0696,菜单|menu thực đơn,,
hsk3-l2-0698,参观|viếng thăm; tham quan,,
hsk3-l2-0699,参加|tham gia,,
hsk3-l2-0741,草|cỏ,,
hsk3-l2-0743,草地|mặt cỏ,,
hsk3-l2-0759,层|tầng,,
hsk3-l2-0781,查|kiểm tra,,
hsk3-l2-0792,差不多|gần như,,
hsk3-l2-0816,长|dài,,
hsk3-l2-0839,常见|thường gặp,,
hsk3-l2-0846,常用|sử dụng thường xuyên,,
hsk3-l2-0853,场|trận; nơi chốn,,
hsk3-l2-0877,超过|vượt quá,,
hsk3-l2-0880,超市|siêu thị,,
hsk3-l2-0902,车辆|phương tiện giao thông,,
hsk3-l2-0943,称 1|gọi là,,
hsk3-l2-0951,成|hoàn thành,,
hsk3-l2-0958,成绩|kết quả học tập,,
hsk3-l2-0971,成为|thành ra; trở thành,,
hsk3-l2-1068,重复|lặp lại,,
hsk3-l2-1073,重新|xác lập lại,,
hsk3-l2-1117,出发|khởi hành,,
hsk3-l2-1121,出国|xuất cảnh,,
hsk3-l2-1126,出口|cửa khẩu,,
hsk3-l2-1133,出门|ra ngoài,,
hsk3-l2-1144,出生|sinh ra,,
hsk3-l2-1154,出现|xuất hiện,,
hsk3-l2-1161,出院|khỏi viện,,
hsk3-l2-1167,出租|cho thuê,,
hsk3-l2-1168,出租车|xe taxi,,
hsk3-l2-1236,船|tàu thuyền,,
hsk3-l2-1265,吹|thổi; gió thổi,,
hsk3-l2-1274,春节|Tết Nguyên Đán,,
hsk3-l2-1275,春天|mùa xuân,,
hsk3-l2-1285,词|từ ngữ,,
hsk3-l2-1286,词典|từ điển,,
hsk3-l2-1288,词语|các từ và cụm từ,,
hsk3-l2-1343,从小|kể từ nhỏ,,
hsk3-l2-1398,答应|đồng ý; hứa hẹn,,
hsk3-l2-1420,打工|làm thuê,,
hsk3-l2-1437,打算|lập kế hoạch; dự định,,
hsk3-l2-1440,打印|in ấn,,
hsk3-l2-1451,大部分|phần lớn,,
hsk3-l2-1454,大大|rất nhiều; rất to,,
hsk3-l2-1462,"大多数|phần lớn, đa số",,
hsk3-l2-1470,大海|biển cả,,
hsk3-l2-1473,大家|mọi người; gia đình,,
hsk3-l2-1483,"大量|số lượng lớn, khối lượng lớn",,
hsk3-l2-1487,"大门|cổng chính, cửa lớn",,
hsk3-l2-1497,大人|người trưởng thành; quan chức cũ,,
hsk3-l2-1500,"大声|lớn tiếng, to giọng",,
hsk3-l2-1513,"大小|kích thước, cỡ lớn nhỏ",,
hsk3-l2-1521,大衣|áo khoác dài,,
hsk3-l2-1529,大自然|thiên nhiên,,
hsk3-l2-1546,带|mang theo; dải băng; dẫn dắt,,
hsk3-l2-1549,"带来|gây ra, mang lại (tác động)",,
hsk3-l2-1579,单位|đơn vị đo lường; cơ quan đơn vị,,
hsk3-l2-1588,但|nhưng,,
hsk3-l2-1589,但是|nhưng mà,,
hsk3-l2-1598,蛋|trứng,,
hsk3-l2-1601,当|khi; làm chức vụ; đương nhiên,,
hsk3-l2-1613,"当时|vào thời điểm đó, lúc ấy",,
hsk3-l2-1647,倒|ngã xuống; ngược lại; quả thực,,
hsk3-l2-1655,"到处|mọi nơi, khắp chốn",,
hsk3-l2-1662,倒|翻转；颠倒,,
hsk3-l2-1671,道|道路；道理；方法,,
hsk3-l2-1675,道理|事理；规律,,
hsk3-l2-1676,道路|路面；途径,,
hsk3-l2-1679,得|获得；能够,,
hsk3-l2-1681,得出|推导出结果,,
hsk3-l2-1700,.的话|假设情况发生时的关联词,,
hsk3-l2-1701,得|满意；适合,,
hsk3-l2-1703,灯|照明器具,,
hsk3-l2-1715,等|等待；列举未尽,,
hsk3-l2-1717,等到|直至某个时间点,,
hsk3-l2-1720,等于|等同于；相当于,,
hsk3-l2-1723,低|高度小；声音低沉,,
hsk3-l2-1768,地球|行星名称,,
hsk3-l2-1772,地铁|地下铁路系统,,
hsk3-l2-1773,地铁站|地下车站,,
hsk3-l2-1807,点头|表示同意或赞许的动作,,
hsk3-l2-1839,店|商店；店铺,,
hsk3-l2-1860,掉|落下；丢失,,
hsk3-l2-1901,东北|方位：东与北之间,,
hsk3-l2-1906,东方|东方的；来自东方的,,
hsk3-l2-1907,东南|东南的,,
hsk3-l2-1911,冬天|冬季；寒冬,,
hsk3-l2-1915,懂|明白；理解,,
hsk3-l2-1916,懂得|知道；了解,,
hsk3-l2-1935,动物|兽类生物,,
hsk3-l2-1936,动物园|饲养和展示动物的场所,,
hsk3-l2-1977,读音|发音方法；读法,,
hsk3-l2-1987,度|计量单位；度过,,
hsk3-l2-1996,短|长度小；时间少,,
hsk3-l2-2002,短信|tin nhắn văn bản,,
hsk3-l2-2004,段|đoạn; khúc; phần,,
hsk3-l2-2013,队|đội ngũ; đội quân,,
hsk3-l2-2017,队长|tướng lĩnh đội trưởng,,
hsk3-l2-2019,对|đối với; đúng; trả lời lại,,
hsk3-l2-2029,对话|cuộc đối thoại; hội thoại,,
hsk3-l2-2033,对面|bên kia mặt đường; phía trước,,
hsk3-l2-2053,多|nhiều; bao nhiêu,,
hsk3-l2-2059,多久|bao lâu; từ khi nào đến lúc nào,,
hsk3-l2-2062,多么|thế nào; làm sao,,
hsk3-l2-2067,多数|đa số,,
hsk3-l2-2072,多云|đông mây; nhiều mây,,
hsk3-l2-2109,"而且|hơn nữa, vả lại",,
hsk3-l2-2123,发|phát ra; mọc lên (tóc); gửi đi; mua bán hàng hóa,,
hsk3-l2-2157,发现|phát hiện; khám phá,,
hsk3-l2-2232,饭馆|nhà hàng ăn uống,,
hsk3-l2-2240,方便|tiện lợi; thuận tiện,,
hsk3-l2-2241,方便面|mì gói nhanh chóng nấu chín,,
hsk3-l2-2242,"方法|phương pháp, cách thức",,
hsk3-l2-2244,"方面|khía cạnh, phương diện",,
hsk3-l2-2246,"方向|hướng đi, phương hướng",,
hsk3-l2-2287,放下|để xuống; buông bỏ (tâm lý),,
hsk3-l2-2288,放心|an tâm; yên lòng,,
hsk3-l2-2329,分|chia ra; điểm số; phần; phút giây,,
hsk3-l2-2341,分开|phân tách; chia rẽ,,
hsk3-l2-2351,分数|điểm số; thành tích học tập,,
hsk3-l2-2358,分钟|phút (thời gian),,
hsk3-l2-2372,"份|một lượng, một phần; giấy tờ văn bản",,
hsk3-l2-2415,封|bọc kín; niêm phong; gửi thư bằng bưu điện,,
hsk3-l2-2451,服务|phục vụ; dịch vụ,,
hsk3-l2-2510,复习|复习,,
hsk3-l2-2532,该|应该；应当,,
hsk3-l2-2534,改|改正；改变,,
hsk3-l2-2537,改变|变化；改动,,
hsk3-l2-2560,干杯|碰杯祝酒,,
hsk3-l2-2588,感到|觉得；感觉到,,
hsk3-l2-2589,感动|受感染而激动,,
hsk3-l2-2592,感觉|知觉；感受,,
hsk3-l2-2602,感谢|感激；谢谢,,
hsk3-l2-2607,干活儿|工作；劳动,,
hsk3-l2-2611,刚|刚刚；刚才,,
hsk3-l2-2612,刚才|不久以前,,
hsk3-l2-2613,刚刚|方才；刚好,,
hsk3-l2-2644,高级|高等级的；上等的,,
hsk3-l2-2667,高中|高级中学,,
hsk3-l2-2721,个子|身高；身材,,
hsk3-l2-2750,更|更加；越发,,
hsk3-l2-2783,公共汽车|公交车,,
hsk3-l2-2788,公交车|公共汽车,,
hsk3-l2-2789,公斤|千克,,
hsk3-l2-2793,kilometre,,
hsk3-l2-2795,road|highway,,
hsk3-l2-2798,fairness|equity,,
hsk3-l2-2806,company|firm,,
hsk3-l2-2814,park|public garden,,
hsk3-l2-2866,dog,,
hsk3-l2-2875,enough|sufficient,,
hsk3-l2-2918,story|tale,,
hsk3-l2-2920,on purpose|intentionally,,
hsk3-l2-2926,customer|client,,
hsk3-l2-2961,关机|tắt máy,,
hsk3-l2-2969,"关心|quan tâm, lo lắng cho người khác",,
hsk3-l2-2975,"观点|quan điểm, cách nhìn nhận vấn đề",,
hsk3-l2-3032,"广场|công trường, quảng trường",,
hsk3-l2-3035,广告|quảng cáo,,
hsk3-l2-3083,国际|quốc tế,,
hsk3-l2-3118,过来|đi lại đây (chuyển động về phía này),,
hsk3-l2-3121,"过年|tết Nguyên Đán, đón năm mới",,
hsk3-l2-3124,"过去|qua đi, đã qua (thời gian hoặc không gian)",,
hsk3-l2-3136,"过|vượt qua, trải qua",,
hsk3-l2-3142,海|biển,,
hsk3-l2-3146,海边|ven biển,,
hsk3-l2-3188,"喊|gọi to, la hét",,
hsk3-l2-3216,好|tốt; đẹp; đúng ý,,
hsk3-l2-3220,好处|lợi ích; chỗ tốt,,
hsk3-l2-3222,好多|rất nhiều,,
hsk3-l2-3227,好久|đã lâu rồi,,
hsk3-l2-3230,好人|người tốt,,
hsk3-l2-3231,好事|việc tốt; chuyện vui,,
hsk3-l2-3236,好像|giống như; dường như,,
hsk3-l2-3272,合适|phù hợp; thích đáng,,
hsk3-l2-3293,河|sông,,
hsk3-l2-3314,黑|đen,,
hsk3-l2-3317,黑板|bảng đen,,
hsk3-l2-3320,黑色|màu đen,,
hsk3-l2-3345,红|đỏ,,
hsk3-l2-3353,红色|màu đỏ,,
hsk3-l2-3375,后来|sau đó; về sau,,
hsk3-l2-3402,忽然|thình lình; bỗng nhiên,,
hsk3-l2-3411,湖|hồ,,
hsk3-l2-3428,护照|证件,,
hsk3-l2-3430,花|花朵; 花费,,
hsk3-l2-3439,花园|园林,,
hsk3-l2-3467,画|绘画作品; 图画,,
hsk3-l2-3469,画家|艺术家,,
hsk3-l2-3472,画儿|画作（口语）,,
hsk3-l2-3490,坏处|不利之处,,
hsk3-l2-3491,坏人|恶人,,
hsk3-l2-3498,欢迎|致意; 接纳,,
hsk3-l2-3516,换|交换; 更换,,
hsk3-l2-3540,黄|黄色,,
hsk3-l2-3544,黄色|颜色名,,
hsk3-l2-3559,回|返回; 次数,,
hsk3-l2-3567,回国|回到本国,,
hsk3-l2-3596,会|能够; 会议,,
hsk3-l2-3626,活动|运动; 行动,,
hsk3-l2-3654,或|或者,,
hsk3-l2-3658,或者|连词，表示选择,,
hsk3-l2-3683,机会|时机,,
hsk3-l2-3695,鸡|家禽,,
hsk3-l2-3734,级,,
hsk3-l2-3750,急,,
hsk3-l2-3780,计划,,
hsk3-l2-3784,计算机,,
hsk3-l2-3830,加,,
hsk3-l2-3844,加油,,
hsk3-l2-3850,家（科学家）,,
hsk3-l2-3861,家庭,,
hsk3-l2-3867,家长,,
hsk3-l2-3873,假,,
hsk3-l2-3894,假期,,
hsk3-l2-3941,检查,,
hsk3-l2-3969,见到,,
hsk3-l2-3970,见过,,
hsk3-l2-3980,件,,
hsk3-l2-3999,健康,,
hsk3-l2-4023,讲,,
hsk3-l2-4024,讲话,,
hsk3-l2-4047,交,,
hsk3-l2-4053,交给,,
hsk3-l2-4062,交朋友|结交朋友,,
hsk3-l2-4067,交通|运输; 往来,,
hsk3-l2-4092,角|角落; 角度; 角色,,
hsk3-l2-4093,角度|视角; 方位,,
hsk3-l2-4096,饺子|一种面食,,
hsk3-l2-4099,脚|足部,,
hsk3-l2-4111,叫作|称作; 叫做,,
hsk3-l2-4120,教师|老师,,
hsk3-l2-4121,教室|上课的房间,,
hsk3-l2-4125,教学|教导学习,,
hsk3-l2-4129,教育|dạy dỗ; giáo dục,,
hsk3-l2-4139,接|nối tiếp; nhận lấy; bắt tay vào việc,,
hsk3-l2-4144,"接到|nhận được (thông tin, thư từ)",,
hsk3-l2-4155,接受|chấp nhận; đón nhận; hưởng thụ,,
hsk3-l2-4160,接下来|tiếp theo đó; sau này nữa,,
hsk3-l2-4161,接着|liền sau khi; nối ngay lên,,
hsk3-l2-4167,街|đường phố; con đường lớn,,
hsk3-l2-4170,节|ngày lễ tết; khúc nhạc; đốt cháy (nhánh),,
hsk3-l2-4174,节目|chương trình truyền hình/biểu diễn,,
hsk3-l2-4177,节日|lễ hội; ngày kỷ niệm,,
hsk3-l2-4190,结果|hậu quả; kết quả,,
hsk3-l2-4239,借|mượn; vay,,
hsk3-l2-4245,斤|cân (đơn vị khối lượng),,
hsk3-l2-4246,今后|từ nay trở đi; sau này,,
hsk3-l2-4300,进入|vào vào; thâm nhập,,
hsk3-l2-4301,进行|tiến hành; thực hiện,,
hsk3-l2-4305,近|gần; gần gũi,,
hsk3-l2-4321,经常|thường xuyên; thường hay,,
hsk3-l2-4325,经过|đi qua; trải qua,,
hsk3-l2-4328,经理|quản lý viên; giám đốc kinh doanh,,
hsk3-l2-4427,酒|rượu; bia,,
hsk3-l2-4429,酒店|khách sạn rượu; quán bar,,
hsk3-l2-4452,就要|sắp đến; sắp phải,,
hsk3-l2-4477,举|nâng lên; cử hành,,
hsk3-l2-4486,举手|ngồi nâng tay; giơ tay,,
hsk3-l2-4487,举行|tổ chức (hoạt động),,
hsk3-l2-4497,句|câu (đơn vị ngữ pháp),,
hsk3-l2-4498,句子|câu văn; câu chữ,,
hsk3-l2-4571,卡|thẻ; thẻ ghi điểm,,
hsk3-l2-4592,开机|bật máy; khởi động,,
hsk3-l2-4611,心情愉快|高兴,,
hsk3-l2-4612,学校开学|开始上课,,
hsk3-l2-4639,观点，见解|看法,,
hsk3-l2-4667,参加考试的人|应试者,,
hsk3-l2-4674,依靠|依赖,,
hsk3-l2-4678,学科|科目,,
hsk3-l2-4683,科学|自然科学或社会科学,,
hsk3-l2-4692,讨人喜欢|令人喜爱,,
hsk3-l2-4705,也许|或许,,
hsk3-l2-4706,可怕|恐怖,,
hsk3-l2-4707,tuy nhiên|nhưng,,
hsk3-l2-4716,có thể|được phép,,
hsk3-l2-4719,gánh vác|chiến thắng|gram,,
hsk3-l2-4723,khắc (vẽ)|phút giây,,
hsk3-l2-4735,khách hàng|người khách,,
hsk3-l2-4741,phòng học|lớp học,,
hsk3-l2-4754,không khí|chất khí,,
hsk3-l2-4801,bỏ khóc|thở dài,,
hsk3-l2-4830,ăn nhanh|cơm hộp,,
hsk3-l2-4833,nhanh lên một chút,,
hsk3-l2-4836,hạnh phúc|vui vẻ,,
hsk3-l2-4838,sắp|gần đến,,
hsk3-l2-4839,đũa|cây đũa ăn,,
hsk3-l2-4885,kéo|rút ra,,
hsk3-l2-4915,xuất phát từ|có nguồn gốc từ,,
hsk3-l2-4921,màu xanh lam|xanh dương,,
hsk3-l2-4923,sắc tố màu xanh da trời|màu xanh,,
hsk3-l2-4926,bóng rổ|cầu lông nước,,
hsk3-l2-4952,già|lão già,,
hsk3-l2-4953,ông (tên gọi thân mật)|người già,,
hsk3-l2-4962,người già|tuổi cao,,
hsk3-l2-4963,bạn cũ|hàng xóm lâu năm,,
hsk3-l2-4970,luôn luôn|thường xuyên,,
hsk3-l2-5012,xa cách|phân ly|tách rời,,
hsk3-l2-5015,rời đi|về quê|chuyển chỗ,,
hsk3-l2-5027,quà tặng|của vật,,
hsk3-l2-5033,trong đó|ngay bên trong,,
hsk3-l2-5045,lý tưởng|mong ước,,
hsk3-l2-5085,ví dụ như|giả sử,,
hsk3-l2-5087,cái ví dụ|trường hợp,,
hsk3-l2-5119,mặt,,
hsk3-l2-5123,luyện tập|thực hành,,
hsk3-l2-5124,tập luyện|huấn luyện,,
hsk3-l2-5132,mát mẻ|sạch sẽ (về màu sắc),,
hsk3-l2-5133,khỏe khoắn|phong cách đơn giản và thoải mái,,
hsk3-l2-5140,hai,,
hsk3-l2-5147,"sáng, rõ ràng; đẹp đẽ",,
hsk3-l2-5152,chiếc (đơn vị đo xe cộ),,
hsk3-l2-5210,dưới không khí lạnh 0 độ C,,
hsk3-l2-5235,"giữ lại, để lại",,
hsk3-l2-5239,留下|để lại; giữ lại,,
hsk3-l2-5242,留学生|sinh viên quốc tế đang học tập tại nước ngoài,,
hsk3-l2-5245,流|dòng chảy; trôi nổi; lan truyền,,
hsk3-l2-5253,流利|suôn sẻ; lưu loát (nói hoặc viết),,
hsk3-l2-5263,流行|phổ biến; thịnh hành; dịch bệnh lây lan,,
hsk3-l2-5306,路边|bên đường; ven đường,,
hsk3-l2-5324,旅客|hành khách; du khách,,
hsk3-l2-5326,旅行|du lịch; đi lại xa nhà,,
hsk3-l2-5328,旅游|đi tham quan; du lịch giải trí,,
hsk3-l2-5336,绿|màu xanh lá cây,,
hsk3-l2-5341,绿色,,
hsk3-l2-5410,卖,,
hsk3-l2-5418,满,,
hsk3-l2-5420,满意,,
hsk3-l2-5439,猫,,
hsk3-l2-5545,米,,
hsk3-l2-5573,面 1|面粉;面条,,
hsk3-l2-5574,面 2|脸;表情,,
hsk3-l2-5586,面前,,
hsk3-l2-5620,名,,
hsk3-l2-5621,名称,,
hsk3-l2-5622,名单,,
hsk3-l2-5648,明星,,
hsk3-l2-5712,目的,,
hsk3-l2-5730,拿出,,
hsk3-l2-5731,拿到,,
hsk3-l2-5741,那,,
hsk3-l2-5743,那会儿,,
hsk3-l2-5745,那么,,
hsk3-l2-5747,那时候∣那时,,
hsk3-l2-5749,那样|như vậy,,
hsk3-l2-5780,南方|phương nam,,
hsk3-l2-5792,难过|buồn bã; đau lòng,,
hsk3-l2-5794,难看|xấu xí; khó coi,,
hsk3-l2-5796,难受|bất tiện; không thoải mái,,
hsk3-l2-5798,难题|vấn đề nan giải,,
hsk3-l2-5799,难听|khó nghe; lời lẽ ác ý,,
hsk3-l2-5837,能够|có thể; có khả năng,,
hsk3-l2-5860,年级|lớp học theo năm sinh,,
hsk3-l2-5865,年轻|trẻ tuổi,,
hsk3-l2-5877,鸟|chim,,
hsk3-l2-5912,弄|làm; xử lý; chơi đùa,,
hsk3-l2-5915,努力|cố gắng; nỗ lực,,
hsk3-l2-5940,爬|leo trèo,,
hsk3-l2-5941,爬山|leo núi,,
hsk3-l2-5942,怕|sợ; e ngại,,
hsk3-l2-5950,排|hàng; xếp hàng,,
hsk3-l2-5954,排队|xếp hàng chờ đợi,,
hsk3-l2-5960,排球|bóng chuyền,,
hsk3-l2-6034,碰|va chạm; gặp gỡ,,
hsk3-l2-6035,碰到|v. va chạm; gặp phải,,
hsk3-l2-6037,碰见|v. tình cờ gặp ai đó,,
hsk3-l2-6078,"篇|danh từ: bài (trong văn học, báo chí)",,
hsk3-l2-6080,便宜|tính từ/danh từ: rẻ giá; lợi ích riêng tư,,
hsk3-l2-6081,片|danh từ: mảnh; tấm; đoạn phim,,
hsk3-l2-6092,漂亮|trạng từ/tính từ: đẹp đẽ; xinh xắn,,
hsk3-l2-6118,平|tính từ: bằng phẳng; yên ổn; công bằng,,
hsk3-l2-6119,平安|tính từ: bình an; lành mạnh,,
hsk3-l2-6120,平常|tính từ: thường ngày; thông thường,,
hsk3-l2-6123,平等|danh từ/tính từ: sự bình đẳng; quyền lợi ngang nhau,,
hsk3-l2-6135,平时|thời gian: vào những lúc bình thường; hàng ngày,,
hsk3-l2-6157,瓶|danh từ: chai; lọ (loại có cổ hẹp),,
hsk3-l2-6159,瓶子|danh từ: cái chai; cái lọ,,
hsk3-l2-6192,普通|tính từ: phổ thông; bình thường; tầm thường,,
hsk3-l2-6193,普通话|danh từ: tiếng Phổ thông Trung Quốc,,
hsk3-l2-6222,其他|đại từ: những người/cái khác nữa,,
hsk3-l2-6224,其中|phó từ/danh từ: trong số đó; ở giữa chúng,,
hsk3-l2-6232,"骑|động từ/nghĩa chuyển: cưỡi (xe, ngựa)",,
hsk3-l2-6233,骑车|động từ: đi xe đạp,,
hsk3-l2-6258,起飞|động từ: cất cánh,,
hsk3-l2-6266,气|气息; 空气,,
hsk3-l2-6279,气温|温度,,
hsk3-l2-6304,千|一千,,
hsk3-l2-6310,千克|公斤,,
hsk3-l2-6344,前年|上一年份,,
hsk3-l2-6397,墙|墙壁,,
hsk3-l2-6465,青年|年轻人,,
hsk3-l2-6466,青少年|少年和青年,,
hsk3-l2-6468,轻|重量小; 轻松,,
hsk3-l2-6484,清楚|清晰; 明白,,
hsk3-l2-6516,晴|无雨,,
hsk3-l2-6518,晴天|晴朗的天气,,
hsk3-l2-6524,请客|宴请客人,,
hsk3-l2-6525,请求|恳求,,
hsk3-l2-6537,秋天|秋季,,
hsk3-l2-6539,求|寻求,,
hsk3-l2-6548,球场|运动场地,,
hsk3-l2-6549,球队|体育队伍,,
hsk3-l2-6552,球鞋|运动鞋,,
hsk3-l2-6568,取|拿; 选取,,
hsk3-l2-6570,取得|获得；得到,,
hsk3-l2-6599,全|整个；全部,,
hsk3-l2-6600,全部|所有；整体,,
hsk3-l2-6606,全国|全国各地,,
hsk3-l2-6607,全家|全家人,,
hsk3-l2-6613,全年|一整年,,
hsk3-l2-6615,全身|整个人体,,
hsk3-l2-6617,全体|所有人,,
hsk3-l2-6653,然后|接着；随后,,
hsk3-l2-6661,让|使令；允许,,
hsk3-l2-6681,热情|热烈的情感,,
hsk3-l2-6698,人口|居住的人的数量,,
hsk3-l2-6701,人们|大家；众人,,
hsk3-l2-6714,人数|人的数量,,
hsk3-l2-6741,认为|觉得；以为,,
hsk3-l2-6760,日报|每日出版的报纸,,
hsk3-l2-6774,日子|日期；生活状况,,
hsk3-l2-6798,如果|假如；倘若,,
hsk3-l2-6816,入口|进入的地方,,
hsk3-l2-6933,商量|讨论；商议,,
hsk3-l2-6935,商人|thương nhân,,
hsk3-l2-6984,上周|tuần trước,,
hsk3-l2-7001,少数|số ít; thiểu số,,
hsk3-l2-7005,少年|ấu niên; thanh thiếu niên,,
hsk3-l2-7049,身边|bên cạnh mình,,
hsk3-l2-7081,什么样|như thế nào,,
hsk3-l2-7112,生|sinh ra; sống; thô (chữ Hán),,
hsk3-l2-7117,生词|từ mới,,
hsk3-l2-7120,生活|cuộc sống; sinh hoạt,,
hsk3-l2-7144,声音|tiếng nói; âm thanh,,
hsk3-l2-7148,省|tỉnh (địa danh); tiết kiệm,,
hsk3-l2-7149,省|tỉnh (hành chính khu vực),,
hsk3-l2-7203,十分|rất; mười phần,,
hsk3-l2-7238,实际|thực tế,,
hsk3-l2-7247,实习|luyện tập thực địa; đi thực tập,,
hsk3-l2-7248,实现|hiện thực hóa; đạt được,,
hsk3-l2-7253,实在|chân thật; quả là,,
hsk3-l2-7254,实在|xác đáng; chắc chắn,,
hsk3-l2-7260,食物|thức ăn; đồ ăn uống,,
hsk3-l2-7269,使用|sử dụng; dùng,,
hsk3-l2-7284,市,,
hsk3-l2-7289,市长,,
hsk3-l2-7301,事情,,
hsk3-l2-7348,收,,
hsk3-l2-7350,收到,,
hsk3-l2-7363,收入,,
hsk3-l2-7374,手表,,
hsk3-l2-7417,受到,,
hsk3-l2-7455,舒服,,
hsk3-l2-7470,熟,,
hsk3-l2-7481,数,,
hsk3-l2-7502,数字,,
hsk3-l2-7554,水平,,
hsk3-l2-7576,顺利,,
hsk3-l2-7598,说明,,
hsk3-l2-7608,司机,,
hsk3-l2-7657,送到,,
hsk3-l2-7658,送给,,
hsk3-l2-7693,算,,
hsk3-l2-7700,虽然,,
hsk3-l2-7703,随便|随意; 不拘礼节,,
hsk3-l2-7710,随时|任何时候; 立刻,,
hsk3-l2-7739,所以|因此; 结果,,
hsk3-l2-7740,所有|全部; 整个,,
hsk3-l2-7752,它|他 (指代事物); 那,,
hsk3-l2-7753,它们|他们 (复数，指代事物); 那些,,
hsk3-l2-7776,太太|夫人; 妻子,,
hsk3-l2-7777,太阳|日; 恒星,,
hsk3-l2-7779,态度|看法; 立场,,
hsk3-l2-7848,讨论|商议; 辩论,,
hsk3-l2-7851,套|套装; 圈套,,
hsk3-l2-7854,特别|特殊; 格外,,
hsk3-l2-7859,特点|特征; 特性,,
hsk3-l2-7874,疼|疼痛; 疼爱,,
hsk3-l2-7881,提|提起; 携带,,
hsk3-l2-7884,提出|提议; 拿出,,
hsk3-l2-7885,提到|提及; 说到,,
hsk3-l2-7886,提高|提升; 增进,,
hsk3-l2-7901,题|题目; 问题,,
hsk3-l2-7917,体育|体育运动,,
hsk3-l2-7918,体育场|sân vận động thể thao,,
hsk3-l2-7919,体育馆|nhà thi đấu thể dục thể thao,,
hsk3-l2-7942,天上|trên trời,,
hsk3-l2-7969,条|con; cái (đơn vị đếm),,
hsk3-l2-7970,条件|điều kiện,,
hsk3-l2-8008,听讲|nghe giảng bài,,
hsk3-l2-8011,听说|nghe nói,,
hsk3-l2-8014,停|dừng lại; đỗ xe,,
hsk3-l2-8016,停车|để xe; dừng xe,,
hsk3-l2-8017,停车场|khu vực để xe,,
hsk3-l2-8026,挺|khá; rất (trạng từ),,
hsk3-l2-8028,挺好|rất tốt,,
hsk3-l2-8029,通|thông qua; liên lạc được với nhau,,
hsk3-l2-8037,通过|đi qua; thông qua,,
hsk3-l2-8051,通知|báo tin; thông báo,,
hsk3-l2-8067,同时|cùng một lúc; đồng thời,,
hsk3-l2-8068,同事|đồng nghiệp,,
hsk3-l2-8070,同样|giống như vậy; tương tự,,
hsk3-l2-8097,头|đầu (người); đầu (vật),,
hsk3-l2-8101,头发|tóc,,
hsk3-l2-8109,n. bên trong; n. đầu,,
hsk3-l2-8142,"n. bức tranh, hình ảnh",,
hsk3-l2-8173,v. đẩy; v. đưa lên cao,,
hsk3-l2-8194,n. chân (người hoặc động vật),,
hsk3-l2-8245,adj. vùng ngoài tỉnh/thành phố; danh từ chỉ nơi ở khác địa phương,,
hsk3-l2-8258,món ăn mang đi,,
hsk3-l2-8276,"kết thúc, xong xuôi|hoàn thành",,
hsk3-l2-8279,"xong việc, hoàn tất",,
hsk3-l2-8284,"toàn bộ, trọn vẹn, đầy đủ",,
hsk3-l2-8298,chúc ngủ ngon (dùng khi nói trước giờ nghỉ ngơi),,
hsk3-l2-8299,晚报|晚间出版的报纸,,
hsk3-l2-8300,晚餐|晚上吃的饭,,
hsk3-l2-8303,晚会|晚上的聚会或演出活动,,
hsk3-l2-8309,碗|盛放食物或液体的器皿,,
hsk3-l2-8310,万|数目字，一万个；极言其多,,
hsk3-l2-8324,网|捕鱼的器具；互联网,,
hsk3-l2-8329,网球|一种球类运动项目,,
hsk3-l2-8333,网站|通过互联网访问的网页集合,,
hsk3-l2-8335,往|去、到某地；从前,,
hsk3-l2-8415,为|做、干；替、给；因为,,
hsk3-l2-8419,为什么|tại sao,,
hsk3-l2-8427,位|vị trí; người lớn tuổi được gọi theo chức vụ hoặc địa vị xã hội,,
hsk3-l2-8431,味道|hương vị; mùi thơm đặc trưng của món ăn,,
hsk3-l2-8438,喂|cho ăn (động vật); dùng để gọi chú ý một cách thân mật,,
hsk3-l2-8443,温度|nhiệt độ,,
hsk3-l2-8470,闻|ngửi; nghe tin tức; hỏi thăm về ai đó hoặc điều gì đó,,
hsk3-l2-8486,问路|hỏi đường,,
hsk3-l2-8488,问题|vấn đề; câu hỏi,,
hsk3-l2-8561,午餐|bữa trưa,,
hsk3-l2-8563,午睡|giấc ngủ giữa ngày (thường là sau bữa trưa),,
hsk3-l2-8594,西北|phía tây bắc,,
hsk3-l2-8597,西餐|món ăn phương Tây,,
hsk3-l2-8598,西方|phương Tây,,
hsk3-l2-8601,西南|phía tây nam,,
hsk3-l2-8602,西医|y học hiện đại; y khoa phương Tây,,
hsk3-l2-8625,习惯|tập quán; thói quen,,
hsk3-l2-8636,洗衣机|máy giặt,,
hsk3-l2-8637,洗澡|vào phòng tắm rửa sạch sẽ (tắm nước),,
hsk3-l2-8672,下|xuống; xuống dưới; làm cho ai đó hoặc cái gì đó rơi xuống; dùng để chỉ thời gian trong tương lai,,
hsk3-l2-8702,下雪|trời tuyết,,
hsk3-l2-8709,下周,,
hsk3-l2-8716,夏天,,
hsk3-l2-8811,相同,,
hsk3-l2-8812,相信,,
hsk3-l2-8835,响,,
hsk3-l2-8842,想到,,
hsk3-l2-8843,想法,,
hsk3-l2-8846,想起,,
hsk3-l2-8848,向,,
hsk3-l2-8858,相机,,
hsk3-l2-8862,像,,
hsk3-l2-8889,小（小王）,,
hsk3-l2-8907,小声,,
hsk3-l2-8909,小时候,,
hsk3-l2-8910,小说,,
hsk3-l2-8914,小心,,
hsk3-l2-8921,小组,,
hsk3-l2-8926,校园,,
hsk3-l2-8927,校长,,
hsk3-l2-8929,笑话,,
hsk3-l2-8930,笑话儿|kịch hài,,
hsk3-l2-8957,鞋|giày dép,,
hsk3-l2-8980,心里|trong lòng,,
hsk3-l2-8986,心情|tâm trạng,,
hsk3-l2-9001,心中|trong tim,,
hsk3-l2-9023,新闻|tin tức,,
hsk3-l2-9029,信|thư; tin nhắn,,
hsk3-l2-9033,信号|dấu hiệu tín hiệu,,
hsk3-l2-9038,信息|thông tin,,
hsk3-l2-9040,信心|niềm tin,,
hsk3-l2-9043,信用卡|thẻ tín dụng,,
hsk3-l2-9053,星星|ngôi sao,,
hsk3-l2-9060,行动|hành động,,
hsk3-l2-9062,行人|người đi đường,,
hsk3-l2-9065,行为|hành vi,,
hsk3-l2-9101,姓|tên họ,,
hsk3-l2-9102,姓名|tên gọi đầy đủ,,
hsk3-l2-9118,休假|nghỉ phép,,
hsk3-l2-9159,许多|nhiều; rất nhiều,,
hsk3-l2-9190,选|chọn lựa,,
hsk3-l2-9210,学期,,
hsk3-l2-9227,雪,,
hsk3-l2-9317,颜色,,
hsk3-l2-9322,眼,,
hsk3-l2-9326,眼睛,,
hsk3-l2-9372,养,,
hsk3-l2-9386,样子,,
hsk3-l2-9388,要求,,
hsk3-l2-9404,药,,
hsk3-l2-9406,药店,,
hsk3-l2-9408,药片,,
hsk3-l2-9410,药水,,
hsk3-l2-9434,也许,,
hsk3-l2-9450,夜,,
hsk3-l2-9453,夜里,,
hsk3-l2-9490,一部分,,
hsk3-l2-9498,一定,,
hsk3-l2-9504,一共,,
hsk3-l2-9508,一会儿,,
hsk3-l2-9513,一路平安,,
hsk3-l2-9515,一路顺风|祝旅途平安,,
hsk3-l2-9559,已经|已完成；已发生,,
hsk3-l2-9562,以后|将来时间,,
hsk3-l2-9567,以前|过去时间,,
hsk3-l2-9568,以上|上述范围之内,,
hsk3-l2-9570,以外|超出某个范围或限度,,
hsk3-l2-9572,以为|认为；觉得,,
hsk3-l2-9573,以下|下述范围之内,,
hsk3-l2-9578,椅子|坐具,,
hsk3-l2-9579,一般|普通；通常,,
hsk3-l2-9585,一点点|少量,,
hsk3-l2-9611,一生|一辈子,,
hsk3-l2-9631,一直|始终不间断地,,
hsk3-l2-9632,亿|数量单位，一万个万,,
hsk3-l2-9658,意见|看法或主张,,
hsk3-l2-9662,意思|意义；心意,,
hsk3-l2-9679,因为|表示原因,,
hsk3-l2-9680,阴|天空无云或有云层但不降雨,,
hsk3-l2-9683,阴天|天空多云的天气,,
hsk3-l2-9686,音节|语音的基本结构单位,,
hsk3-l2-9690,音乐,,
hsk3-l2-9691,音乐会,,
hsk3-l2-9694,银行,,
hsk3-l2-9695,银行卡,,
hsk3-l2-9734,应该,,
hsk3-l2-9738,英文,,
hsk3-l2-9741,英语,,
hsk3-l2-9758,影片,,
hsk3-l2-9760,影响,,
hsk3-l2-9786,永远,,
hsk3-l2-9848,油,,
hsk3-l2-9852,游客,,
hsk3-l2-9861,友好,,
hsk3-l2-9876,有空儿,,
hsk3-l2-9885,有人,,
hsk3-l2-9895,有（一）点儿,,
hsk3-l2-9901,有意思,,
hsk3-l2-9906,又,,
hsk3-l2-9920,鱼,,
hsk3-l2-9946,语言,,
hsk3-l2-10004,原来|从前；起初,,
hsk3-l2-10011,原因|缘故；理由,,
hsk3-l2-10039,院|院子；医院；机关单位,,
hsk3-l2-10041,院长|医院的最高负责人,,
hsk3-l2-10042,院子|房屋周围的空地,,
hsk3-l2-10045,愿意|乐意；同意,,
hsk3-l2-10056,月份|一年中的一个月份,,
hsk3-l2-10057,月亮|月球；月亮的形状,,
hsk3-l2-10069,越|更加；越过,,
hsk3-l2-10072,越来越|程度随时间加深,,
hsk3-l2-10075,云|大气层的水汽凝结物,,
hsk3-l2-10081,运动|身体活动；体育活动,,
hsk3-l2-10130,咱|我（口语）,,
hsk3-l2-10131,咱们|包括说话人和听话人的复数代词,,
hsk3-l2-10146,脏|不干净；污秽,,
hsk3-l2-10157,早餐|早晨吃的饭,,
hsk3-l2-10158,早晨|日出前后的一段时间,,
hsk3-l2-10160,早就|早已；很久以前就,,
hsk3-l2-10185,怎么办|询问处理问题的方法,,
hsk3-l2-10186,怎么样|询问情况或状态,,
hsk3-l2-10187,怎样|怎么；如何,,
hsk3-l2-10233,占|占据；占有,,
hsk3-l2-10247,站|站立,,
hsk3-l2-10250,站住|停下（脚步）,,
hsk3-l2-10258,长|生长；增长,,
hsk3-l2-10261,长大|成长；成年,,
hsk3-l2-10299,找出|找到；发现,,
hsk3-l2-10308,照顾|照料；关心,,
hsk3-l2-10312,照片|相片；照像片,,
hsk3-l2-10313,照相|拍照,,
hsk3-l2-10335,这么|这样,,
hsk3-l2-10336,这时候∣这时|此刻；现在这个时候,,
hsk3-l2-10338,这样|如此；这般,,
hsk3-l2-10363,真正|确实；真的,,
hsk3-l2-10420,正常|正常的；合乎常规的,,
hsk3-l2-10423,正好|恰好；刚好,,
hsk3-l2-10426,正确|正确的；对的,,
hsk3-l2-10430,正是|恰恰是,,
hsk3-l2-10497,直接|直接的；不经过中间环节,,
hsk3-l2-10522,只|仅仅；只有,,
hsk3-l2-10529,只能|chỉ có thể,,
hsk3-l2-10531,只要|miễn là; chỉ cần,,
hsk3-l2-10534,纸|giấy,,
hsk3-l2-10607,中餐|món ăn Trung Quốc,,
hsk3-l2-10614,中级|trung cấp,,
hsk3-l2-10618,中年|giai đoạn trung niên,,
hsk3-l2-10625,中小学|tiểu học và trung học cơ sở,,
hsk3-l2-10626,中心|tâm điểm; trung tâm,,
hsk3-l2-10634,中医|y học cổ truyền Trung Hoa,,
hsk3-l2-10671,重点|điểm trọng yếu; ưu tiên,,
hsk3-l2-10676,重视|trọng thị; coi trọng,,
hsk3-l2-10681,周|tuần; tuần lễ,,
hsk3-l2-10685,周末|cuối tuần,,
hsk3-l2-10686,周年|niên kỷ; năm tròn,,
hsk3-l2-10720,主人|chủ nhân; chủ nhà,,
hsk3-l2-10729,主要|chính; chính yếu,,
hsk3-l2-10744,住房|nhà ở; chỗ ở,,
hsk3-l2-10747,住院|nhập viện điều trị,,
hsk3-l2-10826,装|trang bị; đóng gói,,
hsk3-l2-10858,准确|chính xác,,
hsk3-l2-10909,"自己|mình, bản thân",,
hsk3-l2-10931,自行车|xe đạp,,
hsk3-l2-10935,自由|tự do,,
hsk3-l2-10945,字典|từ điển,,
hsk3-l2-10983,走过|đi qua,,
hsk3-l2-10986,走进|vào trong đi tới,,
hsk3-l2-10988,"走开|lùi ra, rời đi",,
hsk3-l2-10997,租|thuê,,
hsk3-l2-11014,"组|nhóm, tổ",,
hsk3-l2-11015,"组成|gồm thành, cấu tạo nên",,
hsk3-l2-11018,组长|trưởng nhóm,,
hsk3-l2-11032,嘴|miệng,,
hsk3-l2-11040,最近|gần đây nhất,,
hsk3-l2-11067,作家|nhà văn,,
hsk3-l2-11071,作文|bài viết (thường là bài làm văn),,
hsk3-l2-11073,作业|bài tập về nhà,,
hsk3-l2-11074,"作用|tác dụng, vai trò",,
hsk3-l2-11080,"座|chiếc ghế, chỗ ngồi",,
hsk3-l2-11083,座位|chỗ ngồi,,
hsk3-l2-11086,做到|làm được tới,,
hsk3-l2-11087,做法|phương pháp; cách thức,,
hsk3-l2-11088,做饭|nấu ăn,,
hsk3-l3-0028,爱心|tình yêu thương; lòng nhân ái,,
hsk3-l3-0037,安排|sắp xếp; bố trí,,
hsk3-l3-0044,安装|cài đặt; lắp ráp,,
hsk3-l3-0047,按|theo; ấn; bấm,,
hsk3-l3-0053,按照|tuân theo; căn cứ vào,,
hsk3-l3-0075,把|giới từ chỉ đối tượng tác động lên (bổ ngữ),,
hsk3-l3-0076,把|đơn vị tiền tệ Trung Quốc cổ đại,,
hsk3-l3-0080,把握|nắm bắt; kiểm soát; tin tưởng,,
hsk3-l3-0092,trắng|màu trắng,,
hsk3-l3-0094,súp lơ xanh|rau cải thảo,,
hsk3-l3-0120,"lớp học|tổ chức, đơn vị hành chính cơ bản nhất trong trường học",,
hsk3-l3-0126,di chuyển|chuyển động từ nơi này sang nơi khác,,
hsk3-l3-0127,dịch nhà|vận chuyển gia đình đến chỗ ở mới,,
hsk3-l3-0129,bảng|mặt phẳng cứng dùng để viết hoặc vẽ,,
hsk3-l3-0137,xử lý|thực hiện công việc theo quy trình nhất định,,
hsk3-l3-0195,"bảo vệ|giữ gìn, che chở cho ai đó hoặc cái gì đó",,
hsk3-l3-0196,an ninh viên|người bảo vệ an toàn trật tự tại các địa điểm công cộng,,
hsk3-l3-0197,"duy trì|giữ nguyên trạng thái, tình hình không thay đổi",,
hsk3-l3-0198,保留|giữ lại; bảo quản,,
hsk3-l3-0200,保护|bảo vệ,,
hsk3-l3-0202,保存|bảo tồn; lưu trữ,,
hsk3-l3-0209,保险|đảm bảo an toàn; hợp đồng bảo hiểm,,
hsk3-l3-0214,保证|cam kết; đảm bảo,,
hsk3-l3-0218,报|thông báo; nộp đơn; trả tiền,,
hsk3-l3-0223,报到|đến nơi làm việc và đăng ký,,
hsk3-l3-0224,报道|phóng sự; đưa tin,,
hsk3-l3-0227,报告|báo cáo,,
hsk3-l3-0258,背 (bēi)|chịu đựng; gánh vác trên vai,,
hsk3-l3-0270,北部|vùng phía bắc,,
hsk3-l3-0279,背 (bèi)|lưng; quay lưng lại,,
hsk3-l3-0280,背后|sau lưng; sau khi,,
hsk3-l3-0288,被|thụ động; bị,,
hsk3-l3-0293,被子|chiếc chăn,,
hsk3-l3-0303,本来|ban đầu; vốn dĩ,,
hsk3-l3-0304,本领|kỹ năng; tài nghệ,,
hsk3-l3-0311,本事|tài giỏi; khả năng,,
hsk3-l3-0337,比较|so sánh; khá là,,
hsk3-l3-0338,比例|tỷ lệ,,
hsk3-l3-0342,比赛|cuộc thi; trận đấu,,
hsk3-l3-0356,必然|tất nhiên; chắc chắn,,
hsk3-l3-0360,必要|cần thiết; bắt buộc,,
hsk3-l3-0399,变化|sự thay đổi; biến hóa,,
hsk3-l3-0403,变为|biến thành; trở nên,,
hsk3-l3-0431,标题|tiêu đề; tựa bài,,
hsk3-l3-0435,标准|chuẩn mực; tiêu chuẩn,,
hsk3-l3-0439,表达|diễn đạt; thể hiện,,
hsk3-l3-0440,表格|bảng biểu; bảng kê,,
hsk3-l3-0442,表面|mặt ngoài; bề mặt,,
hsk3-l3-0444,表明|chỉ rõ; chứng tỏ,,
hsk3-l3-0450,表现|sự biểu lộ; hành vi; diễn xuất,,
hsk3-l3-0451,表演|biểu diễn; trình diễn,,
hsk3-l3-0480,并|và; đồng thời,,
hsk3-l3-0485,并且|hơn nữa; vả lại,,
hsk3-l3-0508,播出|phát sóng (truyền hình/broadcast),,
hsk3-l3-0509,播放|tái phát; chiếu phim/phim ảnh,,
hsk3-l3-0521,不必|không cần thiết; không phải là bắt buộc,,
hsk3-l3-0527,不断|liên tục; liên miên,,
hsk3-l3-0538,不论|dù sao đi nữa; bất kể,,
hsk3-l3-0560,补|修补; 补充,,
hsk3-l3-0562,补充|增添; 补足,,
hsk3-l3-0574,不安|忧虑; 心神不宁,,
hsk3-l3-0579,不得不|必须; 无法避免,,
hsk3-l3-0588,不光|不仅; 不但,,
hsk3-l3-0593,不仅|不只; 除了...之外还有,,
hsk3-l3-0643,布|织物; 宣告,,
hsk3-l3-0647,步|脚步; 步伐,,
hsk3-l3-0652,部|部门; 部分,,
hsk3-l3-0656,部门|机构单位,,
hsk3-l3-0659,部长|部门负责人,,
hsk3-l3-0668,才能|能力; 才华,,
hsk3-l3-0687,采取|施行; 采纳,,
hsk3-l3-0688,采用|选用; 接受,,
hsk3-l3-0692,彩色|有颜色的; 彩色的,,
hsk3-l3-0764,曾经|过去有过,,
hsk3-l3-0806,产生|出现; 发生,,
hsk3-l3-0817,长城|中国著名军事防御工程,,
hsk3-l3-0818,长处|优点; 擅长之处,,
hsk3-l3-0825,长期|长久; 长时间,,
hsk3-l3-0849,厂|nhà máy,,
hsk3-l3-0856,场合|hoàn cảnh; dịp lễ hội,,
hsk3-l3-0859,场所|địa điểm; nơi chốn,,
hsk3-l3-0878,超级|siêu cấp; cực kỳ,,
hsk3-l3-0883,朝|phương Bắc; triều đại (danh từ),,
hsk3-l3-0891,吵|ồn ào; gây gổ,,
hsk3-l3-0892,吵架|gây gổ nhau; cãi vã,,
hsk3-l3-0936,衬衫|áo sơ mi,,
hsk3-l3-0938,衬衣|áo lót; áo mặc trong,,
hsk3-l3-0947,称为|được gọi là; được mệnh danh,,
hsk3-l3-0956,成功|thành công; thành đạt,,
hsk3-l3-0957,成果|kết quả (công việc); thành tựu,,
hsk3-l3-0961,成就|danh tiếng; sự nghiệp; thành tích,,
hsk3-l3-0962,成立|thành lập; thiết lập,,
hsk3-l3-0969,成熟|chín muồi; trưởng thành,,
hsk3-l3-0976,成员|thành viên,,
hsk3-l3-0977,成长|phát triển lớn lên; trưởng thành,,
hsk3-l3-0992,城|đô thị; thành trì (cũ),,
hsk3-l3-0996,城市|thành phố,,
hsk3-l3-1005,程度|mức độ; trình độ,,
hsk3-l3-1035,持续|tiếp tục; kéo dài,,
hsk3-l3-1059,充满|đầy đủ; tràn ngập,,
hsk3-l3-1064,重|nặng (trọng lượng); lại; quan trọng,,
hsk3-l3-1169,初|bắt đầu; sơ bộ; mới,,
hsk3-l3-1170,初（初一）|ngày mùng một âm lịch,,
hsk3-l3-1171,初步|sơ bộ; ban đầu,,
hsk3-l3-1174,初级|cấp cơ bản; cấp thấp nhất,,
hsk3-l3-1176,初中|trung học cơ sở,,
hsk3-l3-1181,除了|ngoài ra; trừ...ra,,
hsk3-l3-1191,处理|xử lý; giải quyết,,
hsk3-l3-1217,传|lan truyền; chuyển giao; kể lại,,
hsk3-l3-1218,"传播|phát tán; lan rộng (tin tức, văn hóa)",,
hsk3-l3-1223,传来|được truyền đến; nghe từ đâu đó,,
hsk3-l3-1231,传说|truyền thuyết; lời đồn,,
hsk3-l3-1260,创新|đổi mới sáng tạo; cải tiến,,
hsk3-l3-1261,创业|thành lập doanh nghiệp; khởi nghiệp,,
hsk3-l3-1263,创造|tạo ra; sáng chế,,
hsk3-l3-1264,"创作|sáng tác (văn học, nghệ thuật)",,
hsk3-l3-1334,从来|từ trước đến nay; bao giờ cũng,,
hsk3-l3-1337,从前|trước đây; thuở xưa,,
hsk3-l3-1340,làm việc|kinh doanh,,
hsk3-l3-1372,thôn|làng xã,,
hsk3-l3-1374,tồn tại|giữ lại,,
hsk3-l3-1378,tồn tại|sự hiện hữu,,
hsk3-l3-1391,lỗi lầm|sai sót,,
hsk3-l3-1402,đạt tới|tới được,,
hsk3-l3-1433,phá vỡ|bẻ gãy,,
hsk3-l3-1438,hỏi thăm|lưu ý,,
hsk3-l3-1465,xấp xỉ|khả năng,,
hsk3-l3-1503,Đại sứ quán|quán đại sứ,,
hsk3-l3-1526,xấp xỉ|khoảng,,
hsk3-l3-1536,bác sĩ|quan chức cấp cao (cũ),,
hsk3-l3-1537,thay thế|đại diện cho,,
hsk3-l3-1538,"đại biểu|tượng trưng, thay mặt",,
hsk3-l3-1539,đoàn đại biểu,,
hsk3-l3-1547,kích động|dẫn dắt sự việc phát triển,,
hsk3-l3-1550,dẫn đầu|lãnh đạo nhóm người,,
hsk3-l3-1581,phần tử cơ bản|mô hình nhỏ nhất trong hệ thống,,
hsk3-l3-1603,ngay từ lúc ban đầu|vào thời điểm đó,,
hsk3-l3-1605,"tại địa phương, ở nơi",,
hsk3-l3-1611,tất nhiên|chắc chắn,,
hsk3-l3-1621,giữa|trong số đó,,
hsk3-l3-1635,dao|con dao,,
hsk3-l3-1641,đạo diễn|người chỉ đạo phim,,
hsk3-l3-1656,đến nơi|trúng đích,,
hsk3-l3-1657,cuối cùng thì sao|thực ra là gì,,
hsk3-l3-1684,chiếm được điểm|tổng điểm,,
hsk3-l3-1716,chờ đợi|kỳ vọng,,
hsk3-l3-1751,dưới đây|phía dưới,,
hsk3-l3-1769,vùng miền|quận huyện,,
hsk3-l3-1826,tiểu thuyết truyền hình|trình diễn điện ảnh,,
hsk3-l3-1827,đài phát thanh truyền hình|nhà đài,,
hsk3-l3-1828,bộ phận vô tuyến|tần số sóng ngắn,,
hsk3-l3-1838,thư tín tử|họp báo thư từ,,
hsk3-l3-1855,nhạc điệu|biến âm,,
hsk3-l3-1856,khảo sát điều tra|xét nghiệm,,
hsk3-l3-1875,đặt hàng|kết hôn,,
hsk3-l3-1886,có thời hạn cố định|chu kỳ đều đặn,,
hsk3-l3-1904,phía đông|bên phía mặt trời mọc,,
hsk3-l3-1927,sức mạnh động lực|năng lượng,,
hsk3-l3-1929,使人感动,,
hsk3-l3-1978,阅读的人,,
hsk3-l3-1997,缺点|短处,,
hsk3-l3-1998,短裤,,
hsk3-l3-2000,短时间|短期,,
hsk3-l3-2006,断开|断绝,,
hsk3-l3-2016,队员,,
hsk3-l3-2025,对待|看待,,
hsk3-l3-2027,对方|对手,,
hsk3-l3-2034,竞争对手,,
hsk3-l3-2036,对象|目标,,
hsk3-l3-2050,立刻|忽然,,
hsk3-l3-2124,发表|公布,,
hsk3-l3-2130,发出|射出,,
hsk3-l3-2131,发达|繁荣,,
hsk3-l3-2134,发动|启动,,
hsk3-l3-2145,发明|创造,,
hsk3-l3-2154,发生|出现,,
hsk3-l3-2156,发送|寄出,,
hsk3-l3-2160,发言|讲话,,
hsk3-l3-2167,发展,,
hsk3-l3-2207,反对,,
hsk3-l3-2209,反复,,
hsk3-l3-2221,反应,,
hsk3-l3-2223,反正,,
hsk3-l3-2236,范围,,
hsk3-l3-2245,方式,,
hsk3-l3-2250,防,,
hsk3-l3-2261,防止,,
hsk3-l3-2266,房东,,
hsk3-l3-2269,房屋,,
hsk3-l3-2271,房租,,
hsk3-l3-2276,访问,,
hsk3-l3-2280,放到,,
hsk3-l3-2299,飞行,,
hsk3-l3-2325,费,,
hsk3-l3-2327,费用,,
hsk3-l3-2331,分别,,
hsk3-l3-2347,分配,,
hsk3-l3-2359,分组,,
hsk3-l3-2380,丰富|phong phú; giàu có,,
hsk3-l3-2411,风险|nguy cơ; rủi ro,,
hsk3-l3-2437,否定|bác bỏ; phủ định,,
hsk3-l3-2439,否认|chủ trương không nhận; phớt lờ sự thật,,
hsk3-l3-2454,服装|trang phục; quần áo,,
hsk3-l3-2466,福|may mắn; phúc khí,,
hsk3-l3-2482,父母|cha mẹ,,
hsk3-l3-2484,父亲|cha,,
hsk3-l3-2486,付|trả tiền; giao nộp; trả lời,,
hsk3-l3-2494,负责|nhận trách nhiệm; chịu trách nhiệm,,
hsk3-l3-2512,复印|sao chép lại bằng máy in,,
hsk3-l3-2514,复杂|phức tạp; rắc rối,,
hsk3-l3-2520,富|giàu có; giàu sang,,
hsk3-l3-2541,改进|cải tiến; cải thiện,,
hsk3-l3-2548,改造|tái tạo; cải cách; sửa đổi,,
hsk3-l3-2558,概念|khái niệm; ý tưởng,,
hsk3-l3-2574,赶|đuổi kịp; vội vàng làm gì đó,,
hsk3-l3-2576,赶到|đến nơi một cách khẩn trương,,
hsk3-l3-2578,赶紧|vội vã ngay lập tức; mau chóng,,
hsk3-l3-2579,赶快|nhanh lên; hãy nhanh đi,,
hsk3-l3-2583,"敢|dám, có can đảm",,
hsk3-l3-2594,感冒|bệnh cảm cúm,,
hsk3-l3-2595,"感情|cảm xúc, tình cảm",,
hsk3-l3-2599,"感受|nhận thức, trải nghiệm",,
hsk3-l3-2608,"干吗|làm gì, tại sao lại làm vậy",,
hsk3-l3-2654,"高速|tốc độ cao, nhanh chóng",,
hsk3-l3-2655,高速公路|đường cao tốc,,
hsk3-l3-2674,"告别|chào tạm biệt, từ giã",,
hsk3-l3-2693,歌迷|người hâm mộ nhạc sĩ,,
hsk3-l3-2695,歌声|tiếng hát,,
hsk3-l3-2696,歌手|hát thủ,,
hsk3-l3-2717,个人|cá nhân,,
hsk3-l3-2720,个性|tính cách,,
hsk3-l3-2722,各|mỗi,,
hsk3-l3-2724,各地|nơi chốn khắp nơi,,
hsk3-l3-2727,各位|quý vị,,
hsk3-l3-2728,各种|loại hình khác nhau,,
hsk3-l3-2729,各自|mỗi người mỗi việc,,
hsk3-l3-2732,根本|nguyên bản; căn bản,,
hsk3-l3-2751,更加|hơn nữa,,
hsk3-l3-2753,nhà máy,,
hsk3-l3-2755,kỹ sư,,
hsk3-l3-2757,công phu|thời gian,,
hsk3-l3-2759,dụng cụ|công cụ,,
hsk3-l3-2765,công nghiệp,,
hsk3-l3-2768,lương bổng|trình độ lương,,
hsk3-l3-2776,công bố|xóa bỏ,,
hsk3-l3-2781,"chung công, cộng đồng",,
hsk3-l3-2790,"mở cửa, công khai",,
hsk3-l3-2796,công dân,,
hsk3-l3-2808,公务员,,
hsk3-l3-2824,功夫,,
hsk3-l3-2825,功课,,
hsk3-l3-2829,功能,,
hsk3-l3-2852,共同,,
hsk3-l3-2856,共有,,
hsk3-l3-2887,姑娘,,
hsk3-l3-2889,古,,
hsk3-l3-2890,古代,,
hsk3-l3-2919,故乡,,
hsk3-l3-2940,挂|悬挂; 牵挂,,
hsk3-l3-2968,关系|关联; 人情世故,,
hsk3-l3-2972,关注|关心注意,,
hsk3-l3-2974,观察|察看监视,,
hsk3-l3-2978,观看|看,,
hsk3-l3-2980,观念|看法思想,,
hsk3-l3-2983,观众|听众读者,,
hsk3-l3-2993,管|管理; 管道; 负责,,
hsk3-l3-2997,管理|治理掌管,,
hsk3-l3-3014,光|光线; 光荣; 光滑,,
hsk3-l3-3024,光明|光亮希望,,
hsk3-l3-3031,广播|无线电传播; 播音器,,
hsk3-l3-3033,广大|宽阔众多,,
hsk3-l3-3048,规定|制定规则; 限定,,
hsk3-l3-3049,规范|标准准则,,
hsk3-l3-3086,国内|本国境内,,
hsk3-l3-3089,国庆|国家生日庆典,,
hsk3-l3-3097,果然|确实如此,,
hsk3-l3-3102,果汁|水果汁液,,
hsk3-l3-3107,过程|事物发展阶段,,
hsk3-l3-3123,从前|以前,,
hsk3-l3-3137,笑声|哈哈笑,,
hsk3-l3-3150,海关|关口，征税处,,
hsk3-l3-3171,恐惧|畏惧,,
hsk3-l3-3197,行列|行业; 行走,,
hsk3-l3-3224,很好|优良,,
hsk3-l3-3251,好奇|感兴趣,,
hsk3-l3-3261,合|闭合; 适合,,
hsk3-l3-3265,合法|符合法律,,
hsk3-l3-3266,合格|达标,,
hsk3-l3-3270,合理|合乎道理,,
hsk3-l3-3277,合作|协作,,
hsk3-l3-3288,和平|无战争状态,,
hsk3-l3-3347,红茶|红茶叶或茶饮料,,
hsk3-l3-3350,红酒|葡萄酒,,
hsk3-l3-3373,后果|结果，结局,,
hsk3-l3-3376,后面|后方,,
hsk3-l3-3377,后年|明年之后的一年,,
hsk3-l3-3419,互联网|网络,,
hsk3-l3-3420,互相|彼此,,
hsk3-l3-3441,划船,,
hsk3-l3-3445,华人,,
hsk3-l3-3455,化（现代化）,,
hsk3-l3-3477,话剧,,
hsk3-l3-3478,话题,,
hsk3-l3-3496,欢乐,,
hsk3-l3-3502,环,,
hsk3-l3-3503,环保,,
hsk3-l3-3505,环境,,
hsk3-l3-3602,会议,,
hsk3-l3-3604,会员,,
hsk3-l3-3625,活,,
hsk3-l3-3633,火,,
hsk3-l3-3687,机器,,
hsk3-l3-3699,积极,,
hsk3-l3-3702,基本,,
hsk3-l3-3704,基本上,,
hsk3-l3-3706,基础,,
hsk3-l3-3727,及时,,
hsk3-l3-3739,…极了,,
hsk3-l3-3766,集体,,
hsk3-l3-3769,集中,,
hsk3-l3-3783,计算,,
hsk3-l3-3788,记录,,
hsk3-l3-3792,记者,,
hsk3-l3-3794,纪录,,
hsk3-l3-3797,纪念,,
hsk3-l3-3804,技术,,
hsk3-l3-3822,继续,,
hsk3-l3-3832,加工,,
hsk3-l3-3835,加快,,
hsk3-l3-3837,加强,,
hsk3-l3-3856,家具,,
hsk3-l3-3860,家属,,
hsk3-l3-3863,家乡,,
hsk3-l3-3881,价格,,
hsk3-l3-3882,价钱,,
hsk3-l3-3884,价值,,
hsk3-l3-3891,架,,
hsk3-l3-3903,坚持,,
hsk3-l3-3907,坚决|坚定的,,
hsk3-l3-3908,坚强|强而有力的,,
hsk3-l3-3957,简单|简单的,,
hsk3-l3-3967,简直|完全地,,
hsk3-l3-3986,建|建立,,
hsk3-l3-3987,建成|完成建设,,
hsk3-l3-3989,建立|设立,,
hsk3-l3-3990,建设|建造; 发展,,
hsk3-l3-3992,建议|提议,,
hsk3-l3-4015,将近|接近,,
hsk3-l3-4017,将来|未来,,
hsk3-l3-4050,交费|付款,,
hsk3-l3-4059,交警|交通警察,,
hsk3-l3-4060,交流|沟通,,
hsk3-l3-4069,交往|交际,,
hsk3-l3-4071,交易|买卖,,
hsk3-l3-4108,叫|称呼；喊,,
hsk3-l3-4114,较|比较,,
hsk3-l3-4117,教材|教学材料,,
hsk3-l3-4119,教练|指导者; 训练员,,
hsk3-l3-4138,坚固；健壮,,
hsk3-l3-4143,迎接客人|招待,,
hsk3-l3-4149,靠近|临近,,
hsk3-l3-4181,节省|俭约,,
hsk3-l3-4191,联合|融合,,
hsk3-l3-4192,v. kết hôn; n. đám cưới|v. đính ước,,
hsk3-l3-4197,"v. chấm dứt, kết thúc",,
hsk3-l3-4214,"v. giải quyết, xử lý",,
hsk3-l3-4215,"v. cởi ra, mở ra",,
hsk3-l3-4250,tính kim loại vàng; tiền tệ bằng vàng,,
hsk3-l3-4252,huy chương vàng|thành tích xuất sắc,,
hsk3-l3-4262,"chỉ, duy nhất",,
hsk3-l3-4264,chỉ|đơn thuần|vừa đủ|hết sức,,
hsk3-l3-4268,vận dụng tối đa; cố gắng hết sức,,
hsk3-l3-4270,"chặt, khít",,
hsk3-l3-4272,紧急情况|危急情况,,
hsk3-l3-4279,局势紧张|紧迫状态,,
hsk3-l3-4288,前进，提升|发展提高,,
hsk3-l3-4303,再向前一步|更进一步,,
hsk3-l3-4304,进展情况|进步过程,,
hsk3-l3-4309,最近|即将,,
hsk3-l3-4319,中国戏曲剧种之一|国粹艺术形式,,
hsk3-l3-4326,财物与生产活动领域|国家命脉产业部门,,
hsk3-l3-4329,亲身遭遇事件过程|人生旅途所遇之事,,
hsk3-l3-4333,从实践中获得的知识和技能|长期积累的工作心得,,
hsk3-l3-4334,vận hành|kinh doanh,,
hsk3-l3-4352,tuyệt vời|lộng lẫy,,
hsk3-l3-4364,thần thái|khí phách,,
hsk3-l3-4365,phong độ|linh hồn,,
hsk3-l3-4380,cảnh sắc|điêu quang,,
hsk3-l3-4382,cảnh sát|công an,,
hsk3-l3-4408,yên tĩnh|im lặng|thanh thản,,
hsk3-l3-4424,dài lâu|kéo dài|xa xưa,,
hsk3-l3-4434,cũ|lão|trước đây,,
hsk3-l3-4435,giúp đỡ|chữa lành|tìm kiếm,,
hsk3-l3-4449,"chính là, chính xác là",,
hsk3-l3-4453,"việc làm, công ăn việc làm",,
hsk3-l3-4478,举行|主办,,
hsk3-l3-4501,cụ thể,,
hsk3-l3-4502,có|mang lại,,
hsk3-l3-4506,nhà hát|sân khấu,,
hsk3-l3-4515,tương truyền|được cho là,,
hsk3-l3-4536,quyết định|chọn lựa,,
hsk3-l3-4537,cuộc chung kết|giải đấu cuối cùng,,
hsk3-l3-4538,động lực|khát vọng quyết tâm,,
hsk3-l3-4549,tuyệt đối,,
hsk3-l3-4570,cà phê,,
hsk3-l3-4584,phát triển|khai phá,,
hsk3-l3-4587,mở ra|giải phóng,,
hsk3-l3-4603,bắt đầu|khởi động,,
hsk3-l3-4613,mở cửa|khai trương,,
hsk3-l3-4615,tiến hành|triển khai,,
hsk3-l3-4643,trông có vẻ như|dường như,,
hsk3-l3-4645,nhìn thì thấy|có vẻ là,,
hsk3-l3-4670,thử thách|kiểm tra,,
hsk3-l3-4680,công nghệ|học thuật,,
hsk3-l3-4701,đáng tin cậy|chắc chắn,,
hsk3-l3-4703,nước ngọt có ga|dịch vụ giải khát,,
hsk3-l3-4720,vượt qua|chống lại,,
hsk3-l3-4730,khách quan|tính khách quan,,
hsk3-l3-4740,dịch vụ học tập; bài giảng,,
hsk3-l3-4749,không có gì; trống rỗng|rộng rãi (về không gian),,
hsk3-l3-4756,thiết bị điều hòa nhiệt độ,,
hsk3-l3-4765,sợ rằng; e là,,
hsk3-l3-4769,khoảng cách nhỏ trong từ ngữ hoặc câu,,
hsk3-l3-4813,裤：名词，穿在腿上的衣服。,,
hsk3-l3-4837,快：形容词，速度高；迅速。速：副词或形容词后缀，表示动作进行得快。,,
hsk3-l3-4869,困：动词，疲乏想睡；陷入困境。,,
hsk3-l3-4872,困难：形容词或名词，事情复杂不易处理；处境艰难。,,
hsk3-l3-4939,浪费：动词，对人力、财物等不珍惜而使用不当造成损耗。,,
hsk3-l3-4954,平民|百姓,,
hsk3-l3-4955,店主|老板,,
hsk3-l3-4971,老妇人|老奶奶,,
hsk3-l3-4972,老头子|老爷子,,
hsk3-l3-4979,快乐，高兴,,
hsk3-l3-4980,tâm trạng lạc quan|thái độ tích cực,,
hsk3-l3-4991,loại|danh từ chỉ phân loại,,
hsk3-l3-4993,giống nhau|có tính chất tương tự,,
hsk3-l3-5014,ly hôn|chia tay vợ chồng,,
hsk3-l3-5032,bên trong|phía bên trong,,
hsk3-l3-5037,剪头发|刮脸,,
hsk3-l3-5039,懂得，领会,,
hsk3-l3-5041,学说，原理,,
hsk3-l3-5047,原因，根据,,
hsk3-l3-5050,力量，力气,,
hsk3-l3-5054,sức mạnh|năng lực,,
hsk3-l3-5073,ngay lập tức|tức thì,,
hsk3-l3-5084,phát huy|dùng vào việc có ích,,
hsk3-l3-5090,kết nối|tiếp theo,,
hsk3-l3-5093,lập tức|vội vàng,,
hsk3-l3-5098,màu liên tục|không gián đoạn|kết nối nhau,,
hsk3-l3-5099,tiếp nối bộ phim,,
hsk3-l3-5105,hợp tác|kết hợp|mang lại lợi ích chung cho nhau,,
hsk3-l3-5106,联合国家,,
hsk3-l3-5113,联络，关系,,
hsk3-l3-5135,凉水的定义：1. 冷水；2. 使水变凉的动词。,,
hsk3-l3-5161,了的定义：1. 表示动作完成或变化实现（助词）；2. 用于某些形容词后，表示程度加深（如“好了”）。,,
hsk3-l3-5211,领的定义：1. 带路、引导；2. 领取物品；3. 衣物的脖子部分；4. 领导、统领。,,
hsk3-l3-5213,chỉ đạo|đạo diễn|quản lý|tuyên truyền,,
hsk3-l3-5223,dẫn đầu|vượt trước|tiên phong,,
hsk3-l3-5228,ngoại trừ|hơn nữa,,
hsk3-l3-5229,mặt khác,,
hsk3-l3-5241,du học,,
hsk3-l3-5270,dragon|phượng hoàng,,
hsk3-l3-5298,ghi chép|đăng ký,,
hsk3-l3-5301,ghi âm,,
hsk3-l3-5317,tuyến đường|đường đi,,
hsk3-l3-5323,khách sạn|nhà nghỉ,,
hsk3-l3-5337,trà xanh,,
hsk3-l3-5344,bừa bãi|hỗn loạn|rối rắm,,
hsk3-l3-5362,đại lý du lịch,,
hsk3-l3-5373,kéo sau|tụt hậu,,
hsk3-l3-5381,vấn đề|cố gắng|bực mình,,
hsk3-l3-5386,ngựa,,
hsk3-l3-5421,thỏa mãn|hài lòng,,
hsk3-l3-5429,chậm rãi|từ từ,,
hsk3-l3-5441,lông tơ|tóc|cỏ non|sợi lông,,
hsk3-l3-5443,thói quen xấu|khuyết tật|bệnh tật,,
hsk3-l3-5469,vô dụng|không có tác dụng,,
hsk3-l3-5478,truyền thông|phương tiện truyền thông,,
hsk3-l3-5483,mỗi|từng,,
hsk3-l3-5486,đẹp,,
hsk3-l3-5489,xinh đẹp; tốt lành,,
hsk3-l3-5493,vẻ đẹp; xinh xắn,,
hsk3-l3-5499,ẩm thực; món ăn ngon,,
hsk3-l3-5500,艺术,,
hsk3-l3-5502,货币单位，元,,
hsk3-l3-5533,迷惑；沉迷,,
hsk3-l3-5546,长度单位，厘米,,
hsk3-l3-5577,朝向; 对着,,
hsk3-l3-5581,diện tích|mặt bằng,,
hsk3-l3-5609,"dân gian|thời đại, nhân dân",,
hsk3-l3-5616,"dân tộc|bộ lạc, chủng tộc",,
hsk3-l3-5644,rõ ràng|xác định,,
hsk3-l3-5647,hiển nhiên|đáng kể,,
hsk3-l3-5656,số phận|vận mệnh,,
hsk3-l3-5695,một cái nào đó|nào,,
hsk3-l3-5700,mẹ|người mẹ,,
hsk3-l3-5708,"gỗ|cái gỗ, khúc gỗ",,
hsk3-l3-5709,mục tiêu|tầm ngắm,,
hsk3-l3-5717,hiện tại|bây giờ,,
hsk3-l3-5759,trà sữa|đồ uống trà sữa,,
hsk3-l3-5775,nam giới|con trai,,
hsk3-l3-5779,phía nam|vùng miền phía nam,,
hsk3-l3-5785,làm sao lại có thể...|chẳng lẽ... ư? (từ nghi vấn),,
hsk3-l3-5789,"khó khăn, độ khó|mức độ phức tạp",,
hsk3-l3-5816,trong|bên trong,,
hsk3-l3-5825,nội dung|phần nội dung chính,,
hsk3-l3-5828,tâm tư|thế giới bên trong,,
hsk3-l3-5834,có thể hay không được...|liệu có... không,,
hsk3-l3-5839,khả năng; sức lực,,
hsk3-l3-5855,đầu năm,,
hsk3-l3-5856,thời đại; thập niên,,
hsk3-l3-5857,cuối năm,,
hsk3-l3-5861,tuổi tác; độ tuổi,,
hsk3-l3-5871,nhớ; đọc to chữ Hán; tin tưởng,,
hsk3-l3-5889,con bò,,
hsk3-l3-5901,nông thôn,,
hsk3-l3-5903,người nông dân,,
hsk3-l3-5905,nông nghiệp,,
hsk3-l3-5925,cô gái; thiếu nữ,,
hsk3-l3-5928,ấm áp; dễ chịu,,
hsk3-l3-5943,sợ; e ngại,,
hsk3-l3-5944,chạm vào; vỗ tay,,
hsk3-l3-5951,hàng; dãy; xếp hàng,,
hsk3-l3-5959,xếp hạng; thứ hạng,,
hsk3-l3-5964,biểu tượng; biển hiệu; thương hiệu,,
hsk3-l3-5965,phái; dòng họ; xu hướng,,
hsk3-l3-5978,tư duy; suy xét; quyết định,,
hsk3-l3-5987,béo,,
hsk3-l3-5994,v. chạy; n. bộ,,
hsk3-l3-6014,"v. phối hợp, chuẩn bị, trang trí",,
hsk3-l3-6016,"v. kết hợp, phối hợp",,
hsk3-l3-6045,"v./n. phê bình, chỉ trích",,
hsk3-l3-6046,"v. phê duyệt, cho phép",,
hsk3-l3-6050,da (chất liệu),,
hsk3-l3-6051,túi da; ví tiền,,
hsk3-l3-6060,bia,,
hsk3-l3-6091,giá vé,,
hsk3-l3-6144,"đánh giá, nhận xét",,
hsk3-l3-6151,quả táo,,
hsk3-l3-6169,"phá, vỡ, hư hỏng",,
hsk3-l3-6173,"hủy hoại, phá hủy",,
hsk3-l3-6190,"phổ biến, rộng rãi",,
hsk3-l3-6191,"lan tỏa, phổ cập",,
hsk3-l3-6202,lần; kỳ (thời gian),,
hsk3-l3-6214,"đồng đều, ngay ngắn",,
hsk3-l3-6218,"tiếp theo đó, thứ hai",,
hsk3-l3-6221,"trên thực tế, sự thật là",,
hsk3-l3-6225,"kỳ lạ, quái đản",,
hsk3-l3-6270,khí hậu; thời tiết,,
hsk3-l3-6311,hàng vạn; rất nhiều,,
hsk3-l3-6339,trước sau; trước và sau đó,,
hsk3-l3-6340,tiến lên; tiến bộ,,
hsk3-l3-6343,phía trước; mặt tiền,,
hsk3-l3-6353,đi đến; hướng tới,,
hsk3-l3-6381,mạnh mẽ; cứng rắn,,
hsk3-l3-6382,to lớn; hùng mạnh,,
hsk3-l3-6384,nhấn mạnh; đề cao,,
hsk3-l3-6389,cường độ lớn; gay gắt,,
hsk3-l3-6411,cầu; nhịp cầu,,
hsk3-l3-6415,thanh thính; khéo léo,,
hsk3-l3-6438,gần gũi; thân mật,,
hsk3-l3-6445,yêu thương; gần gũi,,
hsk3-l3-6448,người thân; họ hàng,,
hsk3-l3-6455,bản thân; trực tiếp,,
hsk3-l3-6504,tình cảm; xúc cảm,,
hsk3-l3-6509,hoàn cảnh; tình hình,,
hsk3-l3-6522,hỏi han; cầu cứu,,
hsk3-l3-6532,kỷ niệm; chúc mừng,,
hsk3-l3-6550,Người hâm mộ thể thao,,
hsk3-l3-6555,Vùng; khu vực; quận,,
hsk3-l3-6556,Sự khác biệt; sự phân biệt,,
hsk3-l3-6579,Hủy bỏ; bãi bỏ,,
hsk3-l3-6587,Mất đi (người); qua đời,,
hsk3-l3-6602,Toàn bộ sân vận động; toàn trường,,
hsk3-l3-6611,Toàn diện; tổng thể,,
hsk3-l3-6614,Trái đất; thế giới,,
hsk3-l3-6629,Thiếu; không có,,
hsk3-l3-6630,Điểm yếu; khuyết điểm,,
hsk3-l3-6633,Thiếu vắng; chưa đủ,,
hsk3-l3-6639,Cam kết bảo đảm; chắc chắn giữ được,,
hsk3-l3-6640,Xác định; khẳng định,,
hsk3-l3-6644,Chắc chắn; thực sự,,
hsk3-l3-6648,Váy (phụ nữ),,
hsk3-l3-6649,Nhóm; đám đông; quần thể,,
hsk3-l3-6671,Yêu thích nồng nhiệt,,
hsk3-l3-6676,Nóng bỏng; sôi nổi,,
hsk3-l3-6689,Tài năng con người; nhân tài,,
hsk3-l3-6693,Nhân tạo; lao động thủ công,,
hsk3-l3-6699,loài người|con người,,
hsk3-l3-6702,dân chúng|nhân dân,,
hsk3-l3-6703,tiền nhân dân tệ|đồng tiền Trung Quốc,,
hsk3-l3-6708,quần chúng|tầng lớp quần chúng,,
hsk3-l3-6710,cuộc đời|sống,,
hsk3-l3-6722,"cán bộ|người làm việc, nhân sự",,
hsk3-l3-6734,phát hiện ra|nhận biết được,,
hsk3-l3-6736,biết mặt|quen thuộc với ai đó hoặc cái gì đó,,
hsk3-l3-6738,công nhận|chấp thuận,,
hsk3-l3-6745,"bất kỳ (động từ: đảm nhiệm)|nhiệm vụ, chức trách",,
hsk3-l3-6746,tùy ý|nhận làm việc gì đó; bất cứ,,
hsk3-l3-6747,mọi thứ nào cũng được|bất luận cái gì cả,,
hsk3-l3-6751,nhiệm vụ|công việc giao phó,,
hsk3-l3-6756,"vẫn (động từ)|tiếp tục, vẫn còn giữ nguyên trạng thái",,
hsk3-l3-6758,vẫn như thế ấy|còn nguyên vẹn không thay đổi,,
hsk3-l3-6761,hàng ngày|thường nhật,,
hsk3-l3-6784,dễ dàng|thuận lợi,,
hsk3-l3-6800,như thế nào|làm sao,,
hsk3-l3-6851,đi dạo|bước đi thư giãn,,
hsk3-l3-6873,ghế sofa|tủ ghế,,
hsk3-l3-6877,cát|hạt cát,,
hsk3-l3-6916,chấn thương|bại hoại,,
hsk3-l3-6925,buồn bã|đau lòng,,
hsk3-l3-6934,hàng hóa|sản phẩm,,
hsk3-l3-6938,thương mại|kinh doanh,,
hsk3-l3-6956,lên đến đây|tới chỗ này,,
hsk3-l3-6960,phía trên|mặt trên,,
hsk3-l3-6962,leo lên đó|về phía trên,,
hsk3-l3-6964,nâng cao|trỗi dậy,,
hsk3-l3-6979,áo khoác ngoài|quần áo trên người,,
hsk3-l3-7014,thiết bị|dụng cụ,,
hsk3-l3-7017,thiết kế|kế hoạch,,
hsk3-l3-7019,xây dựng|cổ lập,,
hsk3-l3-7024,xã hội|địa phương,,
hsk3-l3-7053,chứng minh nhân dân|hộ chiếu cá nhân,,
hsk3-l3-7063,sâu|rộng lớn,,
hsk3-l3-7069,sâu sắc|tinh tế,,
hsk3-l3-7072,vào sâu|thâm nhập,,
hsk3-l3-7106,nâng lên|gia tăng,,
hsk3-l3-7113,sinh ra|đời sống,,
hsk3-l3-7115,sản xuất|sinh sản,,
hsk3-l3-7118,tồn tại|cư trú,,
hsk3-l3-7119,"hấp dẫn|thiết thực, sinh động",,
hsk3-l3-7124,cuộc sống|mạng sống,,
hsk3-l3-7136,kinh doanh|dịch vụ thương mại,,
hsk3-l3-7139,phát triển|lớn lên,,
hsk3-l3-7142,tuyên bố chính thức|khai báo,,
hsk3-l3-7155,"chiến thắng|thắng lợi, vượt trội",,
hsk3-l3-7158,thắng lợi|vượt qua đối thủ,,
hsk3-l3-7178,mất đi|bỏ lỡ,,
hsk3-l3-7206,mảnh đá|đá,,
hsk3-l3-7207,dầu mỏ|nhiên liệu hóa thạch lỏng,,
hsk3-l3-7208,thời gian|lúc nào đó|vào lúc,,
hsk3-l3-7211,kỷ nguyên|thời đại|giai đoạn lịch sử,,
hsk3-l3-7222,khoáng giờ|chính xác vào lúc,,
hsk3-l3-7239,trên thực tế|trong thực tiễn,,
hsk3-l3-7242,sức mạnh|năng lực thực tế|quyền lực kinh tế hoặc quân sự,,
hsk3-l3-7249,thực hiện|triển khai|áp dụng,,
hsk3-l3-7250,thí nghiệm|tìm tòi khoa học,,
hsk3-l3-7251,phòng thí nghiệm,,
hsk3-l3-7257,thực phẩm,,
hsk3-l3-7264,sử dụng; khiến; sai bảo,,
hsk3-l3-7271,từ đầu đến cuối; luôn cả... lẫn...,,
hsk3-l3-7279,thế kỷ,,
hsk3-l3-7280,thế giới,,
hsk3-l3-7281,Cúp Thế Giới (World Cup),,
hsk3-l3-7285,thị trường,,
hsk3-l3-7297,tai nạn; sự cố,,
hsk3-l3-7300,sự kiện,,
hsk3-l3-7302,thực tế,,
hsk3-l3-7303,trong thực tế; trên thực tế,,
hsk3-l3-7310,công việc lớn; sự nghiệp,,
hsk3-l3-7317,đề thi; câu hỏi kiểm tra,,
hsk3-l3-7320,thí nghiệm; thử nghiệm,,
hsk3-l3-7338,phù hợp với; thích hợp cho,,
hsk3-l3-7342,thích nghi; ứng phó được,,
hsk3-l3-7343,áp dụng được; phù hợp để dùng,,
hsk3-l3-7344,phòng (nhà); phòng làm việc,,
hsk3-l3-7351,thu phí; tính tiền,,
hsk3-l3-7358,xem chương trình truyền hình,,
hsk3-l3-7367,lắng nghe|phát thanh,,
hsk3-l3-7370,máy thu thanh|radio,,
hsk3-l3-7391,thủ tục|quy trình,,
hsk3-l3-7395,ngón tay|tay chỉ,,
hsk3-l3-7404,đô thị|thủ đô,,
hsk3-l3-7410,trước hết|hầu hết,,
hsk3-l3-7415,chịu|bị tác động bởi,,
hsk3-l3-7426,tổn thương|bị thương tích,,
hsk3-l3-7444,giá sách|kệ đựng sách,,
hsk3-l3-7461,mất|suy,,
hsk3-l3-7464,"v. nhập, đưa vào|n. đầu vào",,
hsk3-l3-7472,người quen,,
hsk3-l3-7476,thuộc về; thuộc loại; sinh sản (động vật),,
hsk3-l3-7478,thuộc về; là thành viên của,,
hsk3-l3-7485,bó lại; bó buộc,,
hsk3-l3-7499,số lượng; số đếm,,
hsk3-l3-7525,cặp đôi; hai bên,,
hsk3-l3-7530,phương diện nào đó; cả hai phía,,
hsk3-l3-7630,tư tưởng; ý nghĩ; suy nghĩ,,
hsk3-l3-7632,chết,,
hsk3-l3-7684,Tốc độ; vận tốc,,
hsk3-l3-7702,"Theo, đi theo|Cùng với|Thường xuyên|Đi kèm",,
hsk3-l3-7735,Nơi chốn nào đó|Phần lớn|Mọi thứ mà...,,
hsk3-l3-7742,Trưởng phòng (cơ quan sự vụ)|Người có chức năng quản lý một sở,,
hsk3-l3-7763,"Bàn, bệ đỡ|Máy thu thanh cũ|Đơn vị đo điện áp|Đài truyền hình/thông tin",,
hsk3-l3-7789,"Nói chuyện, đàm thoại|Thảo luận về vấn đề gì đó",,
hsk3-l3-7792,Cuộc trò chuyện; cuộc hội thoại,,
hsk3-l3-7794,"Hoà ước, thương lượng (thường dùng trong 'tán phán')",,
hsk3-l3-7816,"Súp, nước canh nóng|Chất lỏng dạng sệt nấu chín từ thực vật hoặc động vật",,
hsk3-l3-7819,Đường ăn ngọt|Vật liệu làm bánh kẹo,,
hsk3-l3-7865,Đặc điểm riêng biệt; nét đặc trưng,,
hsk3-l3-7892,Trước thời hạn quy định; sớm hơn dự kiến,,
hsk3-l3-7896,"Đặt câu hỏi, nêu vấn đề cần trả lời",,
hsk3-l3-7903,Chủ đề bài học; đề thi; tên gọi của một sự vật/sự việc,,
hsk3-l3-7905,Cảm nhận sâu sắc từ trải nghiệm thực tế|Hiểu rõ qua kinh nghiệm bản thân,,
hsk3-l3-7915,Thể hiện ra bên ngoài; phản ánh trong hành động/kết quả,,
hsk3-l3-7916,Trải nghiệm trực tiếp bằng giác quan hoặc cảm xúc cá nhân,,
hsk3-l3-7936,"Không gian bao trùm trên đầu; bầu trời, vũ trụ rộng lớn",,
hsk3-l3-7956,"Có vị ngọt|Mang lại niềm vui, sự dễ chịu",,
hsk3-l3-7974,"Điều chỉnh (âm lượng), hòa hợp âm thanh",,
hsk3-l3-7982,điều chỉnh|thiết lập lại,,
hsk3-l3-7987,nhảy|bước nhanh,,
hsk3-l3-7990,nhảy cao|môn nhảy xa (cụ thể là nhảy cao),,
hsk3-l3-7993,"nhảy múa|chơi trò nhảy, biểu diễn vũ đạo",,
hsk3-l3-7994,nhảy xa|môn thi đấu nhảy xa,,
hsk3-l3-8000,sắt|kim loại sắt,,
hsk3-l3-8001,đường sắt|hệ thống đường ray tàu hỏa,,
hsk3-l3-8009,"thính lực|khả năng nghe, tai",,
hsk3-l3-8013,"người nghe|nghe giả, khán thính giả",,
hsk3-l3-8025,dừng lại|kết thúc hoạt động,,
hsk3-l3-8031,"thông thường|phổ biến, hay gặp",,
hsk3-l3-8046,giao tiếp|trao đổi thông tin bằng tín hiệu hoặc văn bản,,
hsk3-l3-8072,"đồng ý|chấp nhận, thuận tình",,
hsk3-l3-8087,nỗi đau|cảm giác khó chịu về thể xác,,
hsk3-l3-8089,"khó khăn|bất hạnh, khổ sở",,
hsk3-l3-8098,đầu|phần trên cùng của cơ thể người hoặc vật,,
hsk3-l3-8103,"tinh thần|trí tuệ, ý chí",,
hsk3-l3-8131,"nổi bật|vượt trội, lồi lên",,
hsk3-l3-8136,"thình lình|bất ngờ, đột ngột",,
hsk3-l3-8138,"hồ sơ|sơ đồ, bản vẽ",,
hsk3-l3-8141,hình vẽ|bức tranh,,
hsk3-l3-8154,"đất|mảnh đất|loại người địa phương|thô lỗ, thô tục",,
hsk3-l3-8164,nhóm|viên|cục|quấn lại|tròn trịa,,
hsk3-l3-8167,kết đoàn|hợp tác|gắn bó,,
hsk3-l3-8169,tổ chức|đoàn thể|bộ phận của tổ chức,,
hsk3-l3-8178,thúc đẩy|xúc tiến|chuyển động về phía trước,,
hsk3-l3-8181,phổ biến|lan rộng|áp dụng ở nhiều nơi hơn nữa,,
hsk3-l3-8183,tiến lên|nâng cao|đẩy nhanh tiến độ,,
hsk3-l3-8184,"mở cửa sổ ra ngoài|vạch trần sự thật|chỉ trích, phê phán",,
hsk3-l3-8195,lùi lại|rút lui|hoàn trả|thất bại trong công việc,,
hsk3-l3-8196,ra đi|bỏ chức vụ|từ bỏ một tổ chức hoặc nhóm nào đó,,
hsk3-l3-8202,nghỉ hưu|giải ngũ,,
hsk3-l3-8253,ngoại giao|quan hệ giữa các quốc gia,,
hsk3-l3-8261,"phía ngoài|mặt khác của vật thể, không gian bên trong nhà cửa",,
hsk3-l3-8266,ngôn ngữ nước ngoài|văn bản bằng ngôn ngữ nước ngoài,,
hsk3-l3-8283,hoàn hảo|tuyệt vời|lý tưởng,,
hsk3-l3-8285,hợp lý hóa|cải tiến cho hoàn thiện hơn,,
hsk3-l3-8286,toàn vẹn|đầy đủ|không bị thiếu sót hoặc hư hỏng,,
hsk3-l3-8287,"chơi cụ|vật dùng để giải trí, đồ chơi",,
hsk3-l3-8343,thường thường là|đa phần,,
hsk3-l3-8355,"hại, gây tổn hại",,
hsk3-l3-8359,"nguy hiểm, bất an",,
hsk3-l3-8374,"làm, là (động từ)",,
hsk3-l3-8375,"để, nhằm mục đích (gián tiếp)",,
hsk3-l3-8387,"bao quanh, vây kín",,
hsk3-l3-8398,"lớn lao, vĩ đại",,
hsk3-l3-8411,"vệ sinh, sạch sẽ",,
hsk3-l3-8412,"phòng vệ sinh, nhà xí",,
hsk3-l3-8418,"nhằm vì, để cho",,
hsk3-l3-8446,"ấm áp, ấm lòng",,
hsk3-l3-8454,"văn hóa, văn minh",,
hsk3-l3-8455,"tài liệu, hồ sơ",,
hsk3-l3-8459,"văn minh, tiến bộ",,
hsk3-l3-8464,văn học,,
hsk3-l3-8468,"bản thảo, bài viết",,
hsk3-l3-8469,"chữ viết, ngôn ngữ chữ",,
hsk3-l3-8496,cầm tay (hành động),,
hsk3-l3-8505,"phòng, nhà ở nhỏ",,
hsk3-l3-8565,vũ khí,,
hsk3-l3-8566,môn võ thuật,,
hsk3-l3-8572,sân khấu; bệ,,
hsk3-l3-8596,phía tây; vùng Tây Bắc Trung Quốc,,
hsk3-l3-8612,hy vọng; mong muốn,,
hsk3-l3-8653,"buộc vào; thuộc về (động từ); hệ thống, mối liên hệ (danh từ)",,
hsk3-l3-8687,tiếp tục diễn ra hoặc xảy đến sau đó; xuống dưới mức trước đây,,
hsk3-l3-8691,phía bên dưới; phần còn lại của một văn bản hoặc bài viết,,
hsk3-l3-8694,tiếp tục đi xuống; giảm dần; biến mất khỏi tầm nhìn,,
hsk3-l3-8722,"tiên tiến; ưu tú (tính từ); người tiên phong, lãnh đạo (danh từ)",,
hsk3-l3-8746,trông có vẻ như; dường như (động từ bổ nghĩa trạng thái),,
hsk3-l3-8749,rõ ràng; hiển nhiên; dễ thấy,,
hsk3-l3-8750,biểu hiện ra ngoài; thể hiện; làm cho lộ ra,,
hsk3-l3-8757,tại chỗ; trực tiếp; sự kiện đang diễn ra ngay lúc này,,
hsk3-l3-8759,thời đại mới nhất; phong cách hiện đại,,
hsk3-l3-8760,tiền mặt; tiền tươi,,
hsk3-l3-8762,thực tế; tình hình khách quan tồn tại,,
hsk3-l3-8763,"biểu tượng, dấu hiệu của một quy luật hoặc bản chất nào đó",,
hsk3-l3-8773,"sợi dây mảnh dài dùng để đo đạc, vẽ đồ thị; đường thẳng không có độ dày",,
hsk3-l3-8791,so sánh với nhau (động từ),,
hsk3-l3-8796,khá nhiều; tương đối lớn; xứng đáng,,
hsk3-l3-8803,liên quan đến; kết nối với,,
hsk3-l3-8804,tương hỗ; lẫn nhau,,
hsk3-l3-8808,giống nhau; tương tự,,
hsk3-l3-8817,hương thơm; mùi hương,,
hsk3-l3-8819,quả chuối,,
hsk3-l3-8873,tiêu dùng; chi tiêu,,
hsk3-l3-8880,biến mất; tan biến,,
hsk3-l3-8881,tin tức; thông tin,,
hsk3-l3-8935,hiệu quả; kết quả,,
hsk3-l3-8962,viết lách; sáng tác,,
hsk3-l3-8963,máu,,
hsk3-l3-8972,trái tim; tâm trí,,
hsk3-l3-9030,tin tưởng; chữ tín; tin nhắn,,
hsk3-l3-9032,túi thư; bì thư,,
hsk3-l3-9037,niềm tin; sự tín nhiệm,,
hsk3-l3-9061,hành lý; đồ đạc khi đi xa,,
hsk3-l3-9069,hình thành; tạo ra,,
hsk3-l3-9071,dạng thức; hình thái,,
hsk3-l3-9074,bức tượng; dáng vẻ; phong cách,,
hsk3-l3-9077,độ cong; hình dạng vật thể,,
hsk3-l3-9088,phúc lợi; hạnh phúc,,
hsk3-l3-9092,"may mắn, may mận",,
hsk3-l3-9093,"tính (danh từ), tính cách; tích cực",,
hsk3-l3-9094,giới tính,,
hsk3-l3-9095,"tính nết, nhân phẩm",,
hsk3-l3-9125,"sửa chữa, tu sửa, học tập",,
hsk3-l3-9131,"chỉnh sửa, cải tiến",,
hsk3-l3-9155,"nhu cầu, yêu cầu",,
hsk3-l3-9156,"cần thiết, cần phải",,
hsk3-l3-9169,"công bố, tuyên bố",,
hsk3-l3-9171,"truyền bá, quảng cáo, vận động",,
hsk3-l3-9194,"thi thủ, tuyển thủ",,
hsk3-l3-9204,"phí học tập, lệ phí nhập học",,
hsk3-l3-9249,"huấn luyện, đào tạo",,
hsk3-l3-9254,"nén ép, đè nặng; áp lực",,
hsk3-l3-9256,"áp lực, sức ép",,
hsk3-l3-9275,"khói, thuốc lá",,
hsk3-l3-9331,"trước mắt, hiện tại",,
hsk3-l3-9335,"diễn (động từ), biểu diễn",,
hsk3-l3-9338,"ca hát, trình diễn âm nhạc",,
hsk3-l3-9339,lễ hội ca nhạc,,
hsk3-l3-9340,biểu diễn|trình diễn,,
hsk3-l3-9350,diễn viên|nhân vật trong kịch bản,,
hsk3-l3-9364,cừu|con dê cái,,
hsk3-l3-9365,ánh nắng|nắng mặt trời,,
hsk3-l3-9425,nếu là|giả sử rằng,,
hsk3-l3-9468,giá treo quần áo|tủ đồ đựng quần áo,,
hsk3-l3-9519,mọi thứ|toàn bộ mọi việc,,
hsk3-l3-9558,đã rồi|rồi đây,,
hsk3-l3-9564,từ khi... trở đi|kể từ lúc đó,,
hsk3-l3-9589,một mặt khác|về một phương diện nào đó,,
hsk3-l3-9636,nghệ thuật|tác phẩm nghệ thuật,,
hsk3-l3-9664,ngoại ý|sự bất ngờ không mong muốn,,
hsk3-l3-9668,"ý nghĩa|giá trị, hàm chứa",,
hsk3-l3-9675,do vậy|bởi thế nên,,
hsk3-l3-9693,bạc nguyên chất|kim loại bạc,,
hsk3-l3-9697,huy chương bạc|giải thưởng hạng nhì,,
hsk3-l3-9729,ấn tượng|cảm nhận sâu sắc,,
hsk3-l3-9733,nên phải|phải làm như vậy,,
hsk3-l3-9746,"chào đón|tiếp rước, nghênh tiếp",,
hsk3-l3-9751,dinh dưỡng|thành phần nuôi sống cơ thể,,
hsk3-l3-9754,thắng|dư lại,,
hsk3-l3-9759,"phim ảnh, truyền hình",,
hsk3-l3-9771,"ứng dụng, phần mềm",,
hsk3-l3-9812,"điểm tốt, ưu điểm",,
hsk3-l3-9817,"lợi thế, thế mạnh",,
hsk3-l3-9832,"do, bởi vì (giới từ)|từ đó mà",,
hsk3-l3-9837,bởi do|nhờ vào,,
hsk3-l3-9840,"thư điện tử, thư tín",,
hsk3-l3-9842,con tem bưu chính,,
hsk3-l3-9843,"hòm thư, hộp thư",,
hsk3-l3-9850,"chơi, đi dạo|du lịch",,
hsk3-l3-9856,trò chơi,,
hsk3-l3-9859,bơi lội,,
hsk3-l3-9869,có một số là,,
hsk3-l3-9879,"lợi ích, có lợi",,
hsk3-l3-9893,"hiệu quả, hữu hiệu",,
hsk3-l3-9951,"dự báo, tiên đoán",,
hsk3-l3-9956,"phòng ngừa, dự phòng",,
hsk3-l3-9959,"ước tính, dự kiến",,
hsk3-l3-9967,ôn tập trước bài mới,,
hsk3-l3-9996,nhân viên phục vụ,,
hsk3-l3-9997,nhân viên; công nhân viên chức,,
hsk3-l3-10044,mong muốn; ước nguyện,,
hsk3-l3-10047,thỏa thuận; cam kết; hẹn,,
hsk3-l3-10060,đàn nhạc; ban nhạc,,
hsk3-l3-10086,vận tải; vận chuyển,,
hsk3-l3-10102,tạp chí; tạp san,,
hsk3-l3-10166,đã từ lâu rồi; sớm đã,,
hsk3-l3-10168,xây dựng; tạo ra; làm,,
hsk3-l3-10169,gây nên; dẫn đến (hậu quả),,
hsk3-l3-10182,trách nhiệm; bổn phận,,
hsk3-l3-10192,gia tăng; thêm vào,,
hsk3-l3-10197,tăng trưởng; gia tốc phát triển,,
hsk3-l3-10226,mở rộng; triển khai; mở màn,,
hsk3-l3-10253,giấy tờ; tấm; cái (đơn vị đo diện tích hoặc vật phẳng),,
hsk3-l3-10305,chiếu theo; đối với; đúng như,,
hsk3-l3-10328,người; kẻ; người tham gia (thường dùng sau động từ); tình nguyện viên,,
hsk3-l3-10359,chân thực; trung thực; xác thực,,
hsk3-l3-10381,cạnh tranh; tranh đấu,,
hsk3-l3-10389,khoe mẽ để đạt được; nỗ lực giành lấy,,
hsk3-l3-10403,to make whole; to tidy up,,
hsk3-l3-10405,whole; entire,,
hsk3-l3-10408,to arrange; to organize,,
hsk3-l3-10409,neat; orderly,,
hsk3-l3-10411,overall; holistic,,
hsk3-l3-10412,all day long,,
hsk3-l3-10413,exactly; precisely (emphatic),,
hsk3-l3-10418,right; correct; facing north,,
hsk3-l3-10428,formal; official,,
hsk3-l3-10435,certificate; proof,,
hsk3-l3-10436,document; credential,,
hsk3-l3-10437,evidence; proof,,
hsk3-l3-10438,to prove; to demonstrate,,
hsk3-l3-10461,branch; support unit,,
hsk3-l3-10464,to support; to back up,,
hsk3-l3-10466,to pay (money),,
hsk3-l3-10471,only; merely,,
hsk3-l3-10491,straight; direct,,
hsk3-l3-10493,live broadcast,,
hsk3-l3-10495,until; as far as,,
hsk3-l3-10504,giá trị; số lượng,,
hsk3-l3-10506,"đáng giá, xứng đáng",,
hsk3-l3-10508,nhân viên lao động; công nhân viên chức,,
hsk3-l3-10513,công việc; nghề nghiệp,,
hsk3-l3-10527,chỉ còn cách là...; đành phải...,,
hsk3-l3-10530,chính chỉ; đơn thuần là,,
hsk3-l3-10532,bắt buộc duy nhất; chỉ có,,
hsk3-l3-10535,"trỏ, chỉ tay vào; đề cập đến",,
hsk3-l3-10537,"nêu rõ, vạch ra (một vấn đề)",,
hsk3-l3-10538,"hướng dẫn, chỉ đạo",,
hsk3-l3-10559,cho đến nay; cho tới giờ,,
hsk3-l3-10560,tối thiểu; ít nhất là,,
hsk3-l3-10563,ý chí; nguyện vọng,,
hsk3-l3-10564,người tình nguyện viên,,
hsk3-l3-10569,"xây dựng, ban hành (luật lệ, kế hoạch)",,
hsk3-l3-10570,thể chế; quy định; hệ thống,,
hsk3-l3-10574,"sản xuất, tạo ra",,
hsk3-l3-10576,"chế tác, làm ra (tác phẩm nghệ thuật...)",,
hsk3-l3-10606,phần giữa; khu vực trung tâm,,
hsk3-l3-10613,dân tộc Hoa Trung Quốc,,
hsk3-l3-10647,"cuối cùng, rốt cuộc",,
hsk3-l3-10649,đồng hồ; chuông; tập trung (vào); ngân hàng Trung Quốc,,
hsk3-l3-10654,loại; giống; hạt giống cây trồng,,
hsk3-l3-10657,hạt giống của thực vật hoặc động vật,,
hsk3-l3-10670,quan trọng; nghiêm trọng,,
hsk3-l3-10688,xung quanh; bao quanh,,
hsk3-l3-10700,con lợn,,
hsk3-l3-10709,chủ trì; đảm nhiệm công việc chủ yếu,,
hsk3-l3-10712,tích cực; tự giác,,
hsk3-l3-10722,trưởng phòng; trưởng ban; giám đốc (một đơn vị),,
hsk3-l3-10732,ý kiến; ý tưởng; kế hoạch,,
hsk3-l3-10734,quan điểm; lập trường chính trị hoặc tư tưởng,,
hsk3-l3-10757,chú ý; quan tâm,,
hsk3-l3-10761,mong chúc; cầu nguyện,,
hsk3-l3-10769,bắt giữ; nắm lấy; xử lý vấn đề,,
hsk3-l3-10771,nắm bắt được; kiểm soát chặt chẽ,,
hsk3-l3-10778,chuyên gia; người có trình độ cao trong lĩnh vực nào đó,,
hsk3-l3-10782,đặc biệt chỉ dành cho một mục đích cụ thể,,
hsk3-l3-10784,chủ đề chuyên sâu; bài viết hoặc chương trình về một vấn đề riêng lẻ,,
hsk3-l3-10786,ngành nghề; lĩnh vực học thuật hoặc kỹ năng,,
hsk3-l3-10793,chuyển,,
hsk3-l3-10794,sự thay đổi|biến chuyển,,
hsk3-l3-10838,tình hình|trạng thái (cụ thể),,
hsk3-l3-10839,trạng thái|thế trạng,,
hsk3-l3-10844,đuổi|theo đuổi|khai trừ,,
hsk3-l3-10856,chuẩn xác|đúng đắn|phê chuẩn,,
hsk3-l3-10884,quyền hạn|tư cách|chứng chỉ hành nghề,,
hsk3-l3-10885,vốn liếng|tiền vốn|ngân sách,,
hsk3-l3-10896,con cái|hậu duệ,,
hsk3-l3-10903,từ khi|kể từ lúc,,
hsk3-l3-10904,tự động|hoạt động tự chủ,,
hsk3-l3-10910,ý thức được|cảm thấy rõ ràng,,
hsk3-l3-10916,thiên nhiên|vô cớ|dĩ nhiên,,
hsk3-l3-10921,bản thân|chính mình,,
hsk3-l3-10940,tự do|quyết định độc lập,,
hsk3-l3-10957,tổng cộng|toàn bộ|nhất thiết,,
hsk3-l3-10966,kết luận|tóm tắt,,
hsk3-l3-10970,luôn luôn|thường xuyên,,
hsk3-l3-11001,đủ|hợp lý,,
hsk3-l3-11003,bóng đá,,
hsk3-l3-11016,tổ hợp; kết hợp,,
hsk3-l3-11059,bên trái và bên phải; quanh quẩn (xung quanh),,
hsk3-l3-11069,tác phẩm; công trình nghệ thuật,,
hsk3-l3-11076,người sáng tác; người viết; nhà văn/nhà thơ,,
hsk3-l3-11089,đến chơi nhà ai đó; làm khách,,
